ZCTA,population,median_income,pct_bachelors,unemployment,rent_burden,pct_seniors,score_income,score_education,score_employment,score_housing,score_seniors,overall_score,cluster,cluster_name,z_score,income_quintile
01001,16136,71924.0,35.6,5.2,28.0,23.3,22.325939427186096,34.63203463203463,76.68161434977578,72.0,63.70716510903427,50.34653289566377,1,Moderate-High,-0.5533028243584922,Lowest 20%
01002,24726,69411.0,73.9,6.0,56.5,16.0,21.214199131134922,76.08225108225109,73.09417040358744,43.5,75.0778816199377,55.15073479605777,3,Needs Improvement,-0.11743525610591611,Lowest 20%
01005,4786,97390.0,35.5,2.3,50.8,16.1,33.59198732978827,34.52380952380952,89.68609865470852,49.2,74.9221183800623,52.29838078234738,1,Moderate-High,-0.37621884462442995,Middle 20%
01007,15406,99056.0,45.9,1.6,31.9,20.0,34.32901850098654,45.77922077922077,92.82511210762331,68.1,68.84735202492212,59.096817444068705,1,Moderate-High,0.24057830859692378,Middle 20%
01008,1324,90625.0,28.5,0.6,12.1,26.2,30.59918068323586,26.948051948051944,97.30941704035874,87.9,59.19003115264797,57.3476946811585,1,Moderate-High,0.0818868337065005,Low 20%
01009,790,70763.0,38.1,8.9,46.5,5.8,21.81231806478442,37.33766233766234,60.0896860986547,53.5,90.96573208722742,46.60200552906538,3,Needs Improvement,-0.8930300197123368,Lowest 20%
01010,3694,101477.0,43.5,2.7,54.8,21.8,35.40005839622725,43.18181818181818,87.89237668161435,45.2,66.04361370716512,52.868305851550744,1,Moderate-High,-0.32451163931745086,Middle 20%
01011,1205,87012.0,22.9,2.2,42.7,16.5,29.00080516010299,20.88744588744588,90.13452914798206,57.3,74.29906542056075,49.388875133539706,1,Moderate-High,-0.6401875907878523,Low 20%
01012,387,75526.0,27.7,4.8,51.4,19.6,23.919448598048152,26.08225108225108,78.47533632286995,48.6,69.47040498442367,44.86253268309117,3,Needs Improvement,-1.0508459931321859,Lowest 20%
01013,22950,64039.0,23.2,6.8,36.0,15.5,18.837649640332327,21.212121212121207,69.50672645739911,64.0,75.85669781931465,44.29945778652468,3,Needs Improvement,-1.1019317074712065,Lowest 20%
01020,30230,70971.0,22.9,6.1,40.2,21.4,21.904336362268957,20.88744588744588,72.6457399103139,59.8,66.66666666666667,43.85376021115816,3,Needs Improvement,-1.1423682091792509,Lowest 20%
01022,2045,56307.0,28.6,11.1,83.8,27.6,15.417046389609009,27.056277056277057,50.224215246636774,16.200000000000003,57.009345794392516,29.604108490238126,3,Needs Improvement,-2.435186698663255,Lowest 20%
01026,1005,98438.0,54.0,0.8,35.0,29.0,34.05561798249882,54.54545454545454,96.41255605381166,65.0,54.82866043613708,59.91564538636439,1,Moderate-High,0.3148675560984517,Middle 20%
01027,17678,73657.0,41.5,5.3,33.3,24.1,23.092611107670255,41.01731601731601,76.23318385650224,66.7,62.46105919003115,50.86022447155013,1,Moderate-High,-0.5066974770696824,Lowest 20%
01028,16283,100997.0,46.5,3.6,38.9,21.5,35.18770847895524,46.42857142857142,83.85650224215246,61.1,66.51090342679127,56.04646076799128,1,Moderate-High,-0.03616933321135272,Middle 20%
01029,652,99188.0,34.9,3.0,100.0,29.9,34.387414728236344,33.87445887445887,86.54708520179372,0.0,53.426791277258566,39.717564568758405,2,Moderate-Low,-1.5176300266149068,Middle 20%
01030,12374,92485.0,33.9,3.7,29.7,19.6,31.422036612664904,32.79220779220779,83.40807174887892,70.3,69.47040498442367,53.74221594943633,1,Moderate-High,-0.2452249904350378,Low 20%
01031,1715,58125.0,22.0,2.2,53.7,13.6,16.221321701276754,19.91341991341991,90.13452914798206,46.3,78.81619937694704,44.202211170965285,3,Needs Improvement,-1.11075453522147,Lowest 20%
01032,503,79583.0,48.8,0.0,76.0,32.0,25.71424779465763,48.91774891774891,100.0,24.0,50.1557632398754,48.47357550208917,2,Moderate-Low,-0.7232293598171902,Low 20%
01033,6088,110188.0,37.4,3.4,100.0,22.0,39.253766999053276,36.58008658008657,84.75336322869957,0.0,65.73208722741433,42.48234476326631,2,Moderate-Low,-1.2667916886103745,Middle 20%
01034,2100,103603.0,36.8,5.1,23.3,20.6,36.340591571477866,35.93073593073592,77.13004484304933,76.7,67.91277258566979,55.6251181027303,1,Moderate-High,-0.07439620350448113,Middle 20%
01035,5299,117580.0,63.2,3.6,30.9,24.3,42.52395572504225,64.5021645021645,83.85650224215246,69.1,62.149532710280376,63.56278377626021,1,Moderate-High,0.6457590077991259,High 20%
01036,4937,110703.0,37.7,6.6,62.2,27.4,39.4816007644597,36.9047619047619,70.4035874439462,37.8,57.32087227414331,46.469395383508974,2,Moderate-Low,-0.9050612504698431,Middle 20%
01037,486,84022.0,35.1,0.0,0.0,45.7,27.678042133762755,34.090909090909086,100.0,100.0,28.81619937694704,58.32385774386266,1,Moderate-High,0.17045051799378141,Low 20%
01038,2534,112083.0,55.7,2.7,21.0,24.7,40.09210677661674,56.38528138528138,87.89237668161435,79.0,61.52647975077882,63.650470351875285,1,Moderate-High,0.6537144882876964,Middle 20%
01039,1660,115114.0,57.7,5.0,20.8,23.8,41.43300802505729,58.549783549783555,77.57847533632287,79.2,62.92834890965733,62.64422785194053,1,Moderate-High,0.5624218072946294,Middle 20%
01040,37949,51892.0,24.3,6.9,39.7,18.6,13.463869546367487,22.4025974025974,69.05829596412556,60.3,71.02803738317756,41.94107966838409,3,Needs Improvement,-1.3158986798604644,Lowest 20%
01050,2573,96328.0,31.6,3.0,41.0,18.7,33.12216313782395,30.303030303030305,86.54708520179372,59.0,70.87227414330218,52.05294281490252,1,Moderate-High,-0.3984865286737351,Low 20%
01053,2033,88646.0,53.7,10.0,31.0,35.1,29.723679670149792,54.220779220779214,55.15695067264574,69.0,45.32710280373832,50.35021513763523,2,Moderate-Low,-0.5529687480879495,Low 20%
01054,1704,113750.0,67.5,7.2,62.7,33.0,40.82958034347599,69.15584415584415,67.71300448430495,37.3,48.598130841121495,53.358770105803174,2,Moderate-Low,-0.28001362148887293,Middle 20%
01056,20846,78981.0,25.3,4.2,42.2,22.4,25.44792560674565,23.484848484848484,81.16591928251121,57.8,65.10903426791278,46.53728080619206,1,Moderate-High,-0.8989022557568509,Low 20%
01057,8200,90436.0,29.1,9.2,25.1,23.0,30.515567903310004,27.5974025974026,58.744394618834086,74.9,64.17445482866044,47.674567031811016,3,Needs Improvement,-0.7957204595198876,Low 20%
01060,15237,75077.0,68.5,5.0,40.8,17.5,23.720812946266623,70.23809523809524,77.57847533632287,59.20000000000001,72.74143302180686,58.11956541553573,1,Moderate-High,0.15191582644528245,Lowest 20%
01062,9188,87800.0,51.9,3.6,51.1,26.4,29.349412940957876,52.27272727272727,83.85650224215246,48.9,58.8785046728972,52.84468596914151,2,Moderate-Low,-0.3266545843729617,Low 20%
01068,1623,96207.0,38.9,3.1,14.0,20.3,33.06863326284496,38.2034632034632,86.09865470852017,86.0,68.38006230529595,59.075761288810675,1,Moderate-High,0.23866796107628488,Low 20%
01069,9077,79725.0,24.8,4.2,41.8,23.8,25.777067978517266,22.943722943722943,81.16591928251121,58.20000000000001,62.92834890965733,46.34621647802803,1,Moderate-High,-0.9162368195040231,Low 20%
01070,593,72083.0,47.1,0.7,11.8,29.5,22.39628033728245,47.077922077922075,96.8609865470852,88.2,54.04984423676012,59.785732336894185,1,Moderate-High,0.30308102294874983,Lowest 20%
01071,1219,107292.0,29.6,2.3,34.5,14.6,37.97258916484547,28.138528138528134,89.68609865470852,65.5,77.25856697819314,55.29085575460442,1,Moderate-High,-0.10472259691106817,Middle 20%
01072,1447,103188.0,65.4,9.1,26.9,24.3,36.156997372169776,66.88311688311688,59.19282511210763,73.1,62.149532710280376,58.433546857271224,1,Moderate-High,0.18040220780957597,Middle 20%
01073,6212,125534.0,41.1,1.7,31.9,21.8,46.04277081250387,40.58441558441558,92.37668161434978,68.1,66.04361370716512,60.35649429281633,1,Moderate-High,0.35486415590959947,High 20%
01074,749,76859.0,3.6,18.5,31.2,12.0,24.509162014138965,0.0,17.04035874439462,68.8,81.30841121495327,31.426203373908997,3,Needs Improvement,-2.2698747316524703,Lowest 20%
01075,17410,93646.0,50.2,3.4,35.7,23.2,31.93565797506658,50.43290043290043,84.75336322869957,64.3,63.862928348909655,56.78910508262263,1,Moderate-High,0.031208053960577666,Low 20%
01077,9222,108833.0,35.9,3.5,31.4,21.9,38.65432087842082,34.95670995670995,84.30493273542601,68.6,65.88785046728972,55.57252930259686,1,Moderate-High,-0.07916739191552633,Middle 20%
01080,2308,87188.0,16.6,2.5,26.5,14.3,29.07866679643606,14.06926406926407,88.78923766816143,73.5,77.72585669781932,51.01741591983925,1,Moderate-High,-0.4924360751268832,Low 20%
01081,1704,87337.0,27.0,3.8,16.3,16.3,29.14458374992258,25.324675324675322,82.95964125560538,83.7,74.61059190031153,54.4103022098017,1,Moderate-High,-0.18461198129723902,Low 20%
01082,10418,71023.0,26.3,7.2,43.7,19.9,21.927340936640093,24.567099567099564,67.71300448430495,56.3,69.00311526479751,43.32652254927566,3,Needs Improvement,-1.1902025430270964,Lowest 20%
01083,2746,92558.0,37.5,11.8,31.5,11.2,31.454331495916687,36.688311688311686,47.08520179372197,68.5,82.55451713395638,48.40815286819713,3,Needs Improvement,-0.72916491476147,Low 20%
01084,101,91667.0,61.4,0.0,100.0,39.6,31.060156961980518,62.55411255411255,100.0,0.0,38.31775700934579,47.23534307995784,2,Moderate-Low,-0.8355696331769789,Low 20%
01085,41466,83821.0,32.8,4.0,39.9,18.7,27.589120605905098,31.601731601731597,82.0627802690583,60.099999999999994,70.87227414330218,50.31749652005105,1,Moderate-High,-0.5559371879201374,Low 20%
01088,654,53472.0,27.4,7.2,0.0,10.7,14.162854690721193,25.75757575757575,67.71300448430495,100.0,83.33333333333333,51.85604184226856,3,Needs Improvement,-0.416350629706103,Lowest 20%
01089,28635,70401.0,34.9,5.6,34.9,16.4,21.652170835508443,33.87445887445887,74.88789237668162,65.1,74.45482866043615,49.324718768871776,3,Needs Improvement,-0.64600826178285,Lowest 20%
01092,1123,70938.0,39.6,18.1,0.0,21.1,21.889737305456507,38.96103896103896,18.834080717488785,100.0,67.13395638629284,45.69290584875091,3,Needs Improvement,-0.9755092899789268,Lowest 20%
01095,14615,124682.0,53.3,1.4,35.1,22.7,45.66584970934605,53.78787878787878,93.72197309417041,64.9,64.64174454828661,63.05200119796896,1,Moderate-High,0.5994175831626365,High 20%
01096,2566,105729.0,54.9,3.1,16.5,25.2,37.28112474672848,55.51948051948051,86.09865470852017,83.5,60.747663551401864,63.19464861339647,1,Moderate-High,0.6123594584978097,Middle 20%
01098,1019,93000.0,45.6,2.4,34.6,36.7,31.64987037807133,45.45454545454545,89.23766816143498,65.4,42.834890965732086,54.487126687014396,2,Moderate-Low,-0.17764197904520476,Low 20%
01103,2336,21458.0,36.2,7.0,38.3,14.1,0.0,35.28138528138528,68.60986547085201,61.7,78.03738317757009,42.68605773227374,3,Needs Improvement,-1.2483095602020124,Lowest 20%
01104,21745,47530.0,12.8,10.4,46.6,13.8,11.534139673158085,9.956709956709958,53.36322869955157,53.400000000000006,78.50467289719627,34.57582543709695,3,Needs Improvement,-1.98412110637627,Lowest 20%
01105,11469,22994.0,8.3,14.8,52.4,12.3,0.6795197352704365,5.086580086580087,33.63228699551569,47.6,80.8411214953271,25.77209450409848,3,Needs Improvement,-2.7828512332265443,Lowest 20%
01106,15961,143961.0,65.2,6.6,46.7,22.8,54.194795657444196,66.66666666666666,70.4035874439462,53.29999999999999,64.48598130841123,61.404681200658075,0,High Performing,0.44996229875778004,Highest 20%
01107,12270,31969.0,14.4,13.4,47.7,9.6,4.650020792596067,11.688311688311687,39.91031390134529,52.300000000000004,85.04672897196261,31.031318797692258,3,Needs Improvement,-2.3057011568412045,Lowest 20%
01108,27409,51851.0,21.2,7.7,56.0,10.8,13.445731324267172,19.047619047619044,65.47085201793722,44.0,83.17757009345796,38.335265005904795,3,Needs Improvement,-1.6430409817640212,Lowest 20%
01109,31418,46821.0,17.3,8.5,55.0,11.7,11.220481149520886,14.826839826839826,61.88340807174888,45.0,81.77570093457943,36.0660819518979,3,Needs Improvement,-1.8489156140497345,Lowest 20%
01118,15009,80906.0,30.1,6.1,35.8,13.6,26.29953725413861,28.679653679653676,72.6457399103139,64.2,78.81619937694704,48.99556565320556,3,Needs Improvement,-0.6758711133204647,Low 20%
01119,14059,59172.0,19.7,5.1,46.6,17.9,16.68450995832633,17.42424242424242,77.13004484304933,53.400000000000006,72.11838006230529,41.84503507048259,3,Needs Improvement,-1.3246124529697276,Lowest 20%
01128,3252,92125.0,39.0,2.6,0.0,16.7,31.262774174710895,38.31168831168831,88.34080717488789,100.0,73.98753894080996,62.460530950658374,1,Moderate-High,0.5457556630905692,Low 20%
01129,5993,92500.0,31.4,4.0,36.3,23.3,31.428672547579655,30.086580086580085,82.0627802690583,63.7,63.70716510903427,50.90208572325502,1,Moderate-High,-0.5028995596709316,Low 20%
01151,9627,57113.0,17.0,5.3,42.2,13.4,15.773617292361596,14.502164502164502,76.23318385650224,57.8,79.12772585669782,42.288354805601756,3,Needs Improvement,-1.2843916839614724,Lowest 20%
01201,45072,68879.0,34.1,7.3,45.4,20.1,20.978844639491776,33.008658008658,67.26457399103138,54.6,68.69158878504673,44.7389493387484,3,Needs Improvement,-1.0620582554167468,Lowest 20%
01220,8106,56285.0,25.2,5.5,50.4,27.3,15.407313685067377,23.376623376623375,75.33632286995515,49.6,57.476635514018696,40.43091239081559,3,Needs Improvement,-1.4529106024598066,Lowest 20%
01223,2588,82773.0,39.3,2.2,31.0,26.9,27.12548995319454,38.63636363636363,90.13452914798206,69.0,58.09968847352025,54.07733807433797,1,Moderate-High,-0.21482059264390066,Low 20%
01225,3234,72028.0,28.8,6.4,21.8,26.4,22.371948575928364,27.27272727272727,71.30044843049326,78.2,58.8785046728972,48.19910911555229,1,Moderate-High,-0.7481306855622822,Lowest 20%
01226,6304,81168.0,40.4,6.7,35.7,24.9,26.41544491731625,39.82683982683982,69.95515695067265,64.3,61.21495327102804,49.53309790327636,3,Needs Improvement,-0.6271027893504668,Low 20%
01230,8813,82871.0,49.2,3.8,31.5,25.5,27.16884472797091,49.35064935064935,82.95964125560538,68.5,60.280373831775705,55.44983915395371,1,Moderate-High,-0.0902986178394934,Low 20%
01235,2456,76699.0,23.4,3.5,48.1,21.9,24.438378708381627,21.428571428571423,84.30493273542601,51.9,65.88785046728972,45.296509128052435,1,Moderate-High,-1.011472906474722,Lowest 20%
01236,1593,91172.0,62.4,1.8,71.4,16.3,30.841171109793752,63.636363636363626,91.92825112107623,28.59999999999999,74.61059190031153,55.18609310078574,1,Moderate-High,-0.1142273271681147,Low 20%
01237,2269,84419.0,43.3,0.8,21.1,27.2,27.853673211173145,42.96536796536795,96.41255605381166,78.9,57.63239875389408,58.53051138028702,1,Moderate-High,0.18919944234091368,Low 20%
01238,5893,74469.0,45.5,3.8,55.5,33.3,23.45183638438874,45.34632034632034,82.95964125560538,44.5,48.13084112149533,47.504551545947876,2,Moderate-Low,-0.811145339224125,Lowest 20%
01240,5024,99745.0,51.6,5.8,35.9,37.1,34.633829111404076,51.94805194805194,73.99103139013454,64.1,42.21183800623053,53.484860343513965,2,Moderate-Low,-0.2685739179895499,Middle 20%
01244,243,59655.0,28.2,0.0,100.0,26.3,16.89818706258129,26.623376623376622,100.0,0.0,59.034267912772584,36.783817712766734,2,Moderate-Low,-1.7837980883453808,Lowest 20%
01245,828,113750.0,55.7,6.2,0.0,46.5,40.82958034347599,56.38528138528138,72.19730941704037,100.0,27.57009345794393,61.500186661391815,2,Moderate-Low,0.4586271579347941,Middle 20%
01247,14967,55544.0,26.7,6.0,50.9,23.1,15.07949850027871,24.999999999999996,73.09417040358744,49.1,64.01869158878505,40.86057786466567,3,Needs Improvement,-1.4139286343552258,Lowest 20%
01253,903,108068.0,42.1,7.6,53.8,27.1,38.31588819776856,41.666666666666664,65.91928251121077,46.2,57.78816199376947,48.198311417727915,2,Moderate-Low,-0.7482030577519028,Middle 20%
01254,962,113304.0,62.9,2.6,21.1,39.8,40.632271878677415,64.17748917748916,88.34080717488789,78.9,38.00623052959502,63.45122475197872,2,Moderate-Low,0.6356376678474858,Middle 20%
01255,850,85417.0,30.5,1.4,66.7,32.9,28.295184080834535,29.112554112554108,93.72197309417041,33.3,48.75389408099689,44.63171857528093,2,Moderate-Low,-1.0717869081843585,Low 20%
01256,733,55000.0,23.7,4.7,81.3,30.4,14.838835260703764,21.75324675324675,78.9237668161435,18.700000000000003,52.647975077881625,33.9375713745045,2,Moderate-Low,-2.042027549934915,Lowest 20%
01257,2331,80227.0,40.5,2.0,33.8,30.8,25.99915060033091,39.93506493506493,91.03139013452915,66.2,52.02492211838007,53.1323241225928,1,Moderate-High,-0.3005582326623491,Low 20%
01258,191,127813.0,42.4,4.5,0.0,27.2,47.05099052388494,41.99134199134198,79.82062780269058,100.0,57.63239875389408,63.98794856473425,1,Moderate-High,0.6843326452733552,High 20%
01259,778,125795.0,45.0,4.6,0.0,19.4,46.15823608002053,44.8051948051948,79.37219730941705,100.0,69.78193146417446,65.59349032960469,1,Moderate-High,0.8299975443119729,High 20%
01262,1652,142679.0,54.8,9.1,50.4,49.1,53.627644420063525,55.4112554112554,59.19282511210763,49.6,23.5202492211838,51.37031490236964,2,Moderate-Low,-0.46041884842754005,Highest 20%
01264,184,85313.0,56.7,1.1,8.3,46.2,28.249174932092263,57.467532467532465,95.06726457399103,91.7,28.037383177570092,61.58636808246139,2,Moderate-Low,0.46644608128750886,Low 20%
01266,919,98828.0,73.5,2.0,16.2,33.9,34.22815229028234,75.64935064935065,91.03139013452915,83.8,47.196261682243,67.15527993003838,1,Moderate-High,0.9716929703945788,Middle 20%
01267,7985,98750.0,66.1,2.6,35.8,23.2,34.19364542872563,67.64069264069262,88.34080717488789,64.2,63.862928348909655,62.35303878722311,1,Moderate-High,0.5360032944653262,Middle 20%
01270,1002,104961.0,39.2,5.0,0.0,17.1,36.941364879093264,38.52813852813853,77.57847533632287,100.0,73.36448598130842,61.719519517203366,1,Moderate-High,0.47852642122192474,Middle 20%
01301,17876,54347.0,38.0,6.4,50.4,23.8,14.549950894081631,37.229437229437224,71.30044843049326,49.6,62.92834890965733,43.417771607944104,3,Needs Improvement,-1.1819238515541401,Lowest 20%
01330,1711,81691.0,49.8,8.2,73.9,30.3,26.646817848010546,49.99999999999999,63.22869955156951,26.099999999999994,52.80373831775702,42.30781820409224,2,Moderate-Low,-1.2826258414040888,Low 20%
01331,13865,68345.0,20.6,7.7,48.5,19.5,20.742605356526663,18.398268398268396,65.47085201793722,51.5,69.62616822429906,40.14200566471612,3,Needs Improvement,-1.479122047100895,Lowest 20%
01337,2515,79274.0,31.5,2.8,31.4,22.9,25.577547535413775,30.19480519480519,87.4439461883408,68.6,64.33021806853583,51.584899227076484,1,Moderate-High,-0.44095040190213036,Low 20%
01339,1361,72841.0,36.0,4.7,49.4,28.7,22.731616248307837,35.06493506493506,78.9237668161435,50.6,55.295950155763244,45.88348620711575,2,Moderate-Low,-0.9582186350315619,Lowest 20%
01340,1807,82578.0,34.8,4.7,41.7,31.1,27.039222799302788,33.76623376623376,78.9237668161435,58.3,51.557632398753896,47.80188074448822,2,Moderate-Low,-0.7841697546368829,Low 20%
01341,1605,93250.0,58.9,4.7,12.9,30.3,31.760469293317172,59.84848484848484,78.9237668161435,87.1,52.80373831775702,61.3873657304549,1,Moderate-High,0.44839132983368307,Low 20%
01342,1313,100917.0,47.4,4.9,0.0,12.5,35.15231682607657,47.402597402597394,78.0269058295964,100.0,80.52959501557633,64.29706922464541,1,Moderate-High,0.7123780257810017,Middle 20%
01343,190,84271.0,25.5,0.0,0.0,26.8,27.788198653347607,23.701298701298697,100.0,100.0,58.255451713395644,58.697919510001135,1,Moderate-High,0.20438776621177773,Low 20%
01344,1639,74550.0,25.1,4.6,27.2,20.0,23.487670432928393,23.268398268398265,79.37219730941705,72.8,68.84735202492212,49.008191839707294,1,Moderate-High,-0.6747255858591057,Lowest 20%
01346,453,111150.0,49.1,2.3,0.0,40.2,39.67935162491926,49.242424242424235,89.68609865470852,100.0,37.38317757009346,63.905981454786925,1,Moderate-High,0.6768960708682488,Middle 20%
01347,114,72500.0,53.7,0.0,0.0,7.0,22.58075932791251,54.220779220779214,100.0,100.0,89.09657320872275,68.1100419580452,1,Moderate-High,1.0583150175181821,Lowest 20%
01349,753,69712.0,24.2,9.2,30.8,17.1,21.34736022509091,22.29437229437229,58.744394618834086,69.2,73.36448598130842,43.835760651763465,3,Needs Improvement,-1.1440012429995698,Lowest 20%
01350,115,64375.0,24.2,0.0,0.0,31.3,18.986294582422737,22.29437229437229,100.0,100.0,51.24610591900313,55.44477731109907,1,Moderate-High,-0.09075786022390475,Lowest 20%
01351,2644,99375.0,47.1,7.2,55.0,21.7,34.470142716840236,47.077922077922075,67.71300448430495,45.0,66.1993769470405,49.54955479025561,3,Needs Improvement,-0.6256097165243503,Middle 20%
01354,1831,90000.0,46.1,7.2,50.6,20.9,30.32268339512126,45.995670995671,67.71300448430495,49.4,67.44548286604362,49.24673778116342,3,Needs Improvement,-0.6530831899784341,Low 20%
01355,963,80327.0,37.1,1.5,61.2,21.9,26.043390166429248,36.25541125541125,93.27354260089686,38.8,65.88785046728972,48.57819392236847,1,Moderate-High,-0.7137377153386713,Low 20%
01360,2875,102470.0,43.4,3.3,52.3,22.7,35.839357287583724,43.07359307359307,85.20179372197309,47.7,64.64174454828661,52.77277078951748,1,Moderate-High,-0.3331791841114951,Middle 20%
01364,7668,54061.0,16.0,10.7,42.2,21.0,14.423425735040391,13.41991341991342,52.017937219730946,57.8,67.28971962616822,35.653394195301466,3,Needs Improvement,-1.8863572563130513,Lowest 20%
01366,1173,107656.0,42.9,3.9,17.9,27.9,38.13362118544341,42.53246753246753,82.51121076233184,82.1,56.54205607476636,58.74296993942074,1,Moderate-High,0.20847502597457968,Middle 20%
01367,574,89375.0,32.0,2.4,7.7,27.7,30.046186107006662,30.735930735930733,89.23766816143498,92.3,56.85358255451713,57.18842109847306,1,Moderate-High,0.06743652736814978,Low 20%
01368,1497,101875.0,27.1,5.1,71.4,18.2,35.57613186929863,25.43290043290043,77.13004484304933,28.59999999999999,71.65109034267913,43.563376078427545,3,Needs Improvement,-1.1687136934899844,Middle 20%
01370,3641,76715.0,50.2,5.9,41.1,33.2,24.44545703895736,50.43290043290043,73.54260089686098,58.9,48.28660436137071,50.03676998347372,2,Moderate-Low,-0.5814064740531567,Lowest 20%
01373,4784,102578.0,41.6,4.4,29.7,24.2,35.887136018969926,41.12554112554112,80.26905829596411,70.3,62.30529595015576,55.59751054033617,1,Moderate-High,-0.07690093609807265,Middle 20%
01375,3653,61442.0,61.3,8.0,70.8,16.6,17.68874810875855,62.445887445887436,64.12556053811659,29.200000000000003,74.14330218068535,46.11310121435336,3,Needs Improvement,-0.9373865099639737,Lowest 20%
01376,5032,57857.0,31.1,5.3,45.2,21.4,16.102759664133217,29.761904761904763,76.23318385650224,54.79999999999999,66.66666666666667,44.339469544476614,3,Needs Improvement,-1.0983015878381013,Lowest 20%
01378,861,95000.0,43.1,5.3,21.9,21.0,32.53466170003805,42.74891774891775,76.23318385650224,78.1,67.28971962616822,56.416503596156225,1,Moderate-High,-0.002596708453776607,Low 20%
01379,742,68750.0,54.1,7.6,63.8,26.8,20.921775599224922,54.65367965367965,65.91928251121077,36.2,58.255451713395644,45.14326548680786,2,Moderate-Low,-1.0253761384046631,Lowest 20%
01420,41677,70334.0,24.5,7.1,43.0,13.9,21.62253032622256,22.619047619047617,68.16143497757848,56.99999999999999,78.34890965732087,43.927572447565325,3,Needs Improvement,-1.135671496456283,Lowest 20%
01430,6450,115146.0,40.9,3.9,100.0,18.2,41.44716468620876,40.36796536796536,82.51121076233184,0.0,71.65109034267913,44.12113370027781,2,Moderate-Low,-1.1181103959286816,Middle 20%
01431,3188,110536.0,42.4,3.7,17.6,20.3,39.40772068907548,41.99134199134198,83.40807174887892,82.4,68.38006230529595,60.349386250409744,1,Moderate-High,0.35421926936589687,Middle 20%
01432,8124,105142.0,40.8,6.9,22.8,15.5,37.02143849373125,40.25974025974025,69.05829596412556,77.2,75.85669781931465,56.15762366312445,1,Moderate-High,-0.026083932600350686,Middle 20%
01434,1889,109651.0,27.0,4.2,52.0,11.5,39.01620052910521,25.324675324675322,81.16591928251121,48.0,82.08722741433021,50.1271255613804,1,Moderate-High,-0.5732088448034341,Middle 20%
01436,3720,88421.0,18.0,13.4,50.4,13.0,29.624140646428536,15.584415584415584,39.91031390134529,49.6,79.75077881619937,37.179279719600025,3,Needs Improvement,-1.7479192750006347,Low 20%
01440,21298,63526.0,22.7,5.6,37.9,19.2,18.610700666247865,20.67099567099567,74.88789237668162,62.1,70.09345794392523,44.227348354039734,3,Needs Improvement,-1.108473931057336,Lowest 20%
01450,11228,189355.0,65.8,5.1,44.8,16.1,74.27690429212271,67.31601731601731,77.13004484304933,55.2,74.9221183800623,69.35645120865111,0,High Performing,1.1713971444505573,Highest 20%
01451,5359,206607.0,78.2,5.9,45.1,14.3,81.90911423540757,80.73593073593074,73.54260089686098,54.89999999999999,77.72585669781932,74.1223670919887,0,High Performing,1.603791163194092,Highest 20%
01452,4339,102344.0,31.8,3.0,42.0,18.3,35.78361543429982,30.519480519480517,86.54708520179372,57.99999999999999,71.49532710280374,52.63472373908421,1,Moderate-High,-0.3457036852511863,Middle 20%
01453,43635,82098.0,32.4,5.5,42.1,18.3,26.826872882030774,31.16883116883116,75.33632286995515,57.9,71.49532710280374,48.29572329698689,3,Needs Improvement,-0.7393652362340265,Low 20%
01460,10150,146250.0,61.0,4.8,40.6,17.5,55.20743932543509,62.12121212121211,78.47533632286995,59.4,72.74143302180686,64.18137342841648,0,High Performing,0.701881371725889,Highest 20%
01462,11822,109884.0,44.8,6.6,32.5,16.7,39.11927871811433,44.58874458874458,70.4035874439462,67.5,73.98753894080996,55.90647720958496,1,Moderate-High,-0.04886952659683444,Middle 20%
01463,11693,126824.0,44.4,3.2,37.8,16.8,46.6134612151724,44.15584415584415,85.65022421524664,62.2,73.83177570093459,59.64554875589692,1,Moderate-High,0.2903626822492872,High 20%
01464,7017,121875.0,35.6,4.2,38.3,19.3,44.42404508896577,34.63203463203463,81.16591928251121,61.7,69.93769470404985,55.33097325715733,1,Moderate-High,-0.1010828834592523,High 20%
01468,4157,110938.0,35.1,3.4,0.0,15.5,39.58556374479079,34.090909090909086,84.75336322869957,100.0,75.85669781931465,62.95546063659635,1,Moderate-High,0.5906588131118257,Middle 20%
01469,6803,113162.0,40.7,3.2,44.0,17.7,40.56945169481778,40.15151515151515,85.65022421524664,56.00000000000001,72.42990654205606,55.75327720883817,1,Moderate-High,-0.0627687991849247,Middle 20%
01473,8289,101161.0,41.1,3.7,52.3,24.2,35.26026136735651,40.58441558441558,83.40807174887892,47.7,62.30529595015576,51.413313182734385,1,Moderate-High,-0.45651777260054666,Middle 20%
01474,2249,130156.0,28.9,11.5,29.3,12.2,48.08752355756894,27.38095238095238,48.4304932735426,70.7,80.99688473520249,50.7929061128591,3,Needs Improvement,-0.5128050241523745,High 20%
01475,10194,85638.0,24.1,6.5,38.3,18.6,28.392953521911856,22.186147186147185,70.85201793721974,61.7,71.02803738317756,46.25798250277647,3,Needs Improvement,-0.9242419635482404,Low 20%
01501,16780,101929.0,42.0,3.9,34.8,22.1,35.60002123499172,41.55844155844156,82.51121076233184,65.2,65.57632398753894,55.38949024957858,1,Moderate-High,-0.09577385196621463,Middle 20%
01503,3311,122411.0,54.4,6.0,37.3,30.4,44.66116916325284,54.97835497835497,73.09417040358744,62.7,52.647975077881625,57.33351262390761,2,Moderate-Low,0.08060014781466525,High 20%
01504,9211,98986.0,34.6,2.3,42.8,18.6,34.298050804717704,33.54978354978355,89.68609865470852,57.2,71.02803738317756,53.44198205788477,1,Moderate-High,-0.2724641071355354,Middle 20%
01505,4896,124732.0,57.0,5.2,47.0,20.2,45.68796949239522,57.79220779220778,76.68161434977578,53.0,68.53582554517133,58.659949745623045,1,Moderate-High,0.2009429091450412,High 20%
01506,3442,71875.0,26.6,6.7,12.3,25.6,22.304262039797916,24.89177489177489,69.95515695067265,87.7,60.12461059190031,49.342501682217765,1,Moderate-High,-0.6443948834616917,Lowest 20%
01507,13359,119809.0,37.7,3.0,33.4,17.3,43.51005565337415,36.9047619047619,86.54708520179372,66.6,73.05295950155764,58.03841738004852,1,Moderate-High,0.14455356365333288,High 20%
01510,15430,93849.0,35.1,4.3,23.9,13.9,32.025464294246206,34.090909090909086,80.71748878923766,76.1,78.34890965732087,55.727482069868444,1,Moderate-High,-0.06510909726743244,Low 20%
01515,2120,76382.0,26.5,6.2,17.8,31.3,24.298139283849903,24.78354978354978,72.19730941704037,82.2,51.24610591900313,48.27449474215831,1,Moderate-High,-0.7412912249336046,Lowest 20%
01516,9287,147859.0,44.1,5.2,35.7,13.7,55.919253943957315,43.831168831168824,76.68161434977578,64.3,78.66043613707164,60.99997217744385,1,Moderate-High,0.4132445376279257,Highest 20%
01518,2835,111193.0,46.8,9.2,25.8,14.6,39.69837463834155,46.75324675324675,58.744394618834086,74.2,77.25856697819314,55.927640969483214,3,Needs Improvement,-0.04694941650296529,Middle 20%
01519,7738,153750.0,63.8,2.3,40.3,12.2,58.52540678281027,65.15151515151514,89.68609865470852,59.699999999999996,80.99688473520249,68.8961386880433,0,High Performing,1.1296346825154984,Highest 20%
01520,16864,147582.0,58.2,5.3,28.1,17.9,55.79671034586493,59.09090909090909,76.23318385650224,71.9,72.11838006230529,65.56037963672449,0,High Performing,0.8269935329302558,Highest 20%
01521,2576,86806.0,34.2,5.8,0.0,24.2,28.909671653940418,33.116883116883116,73.99103139013454,100.0,62.30529595015576,56.53537456574837,1,Moderate-High,0.008188017402084035,Low 20%
01522,3021,118824.0,54.4,6.4,37.8,14.7,43.07429592730554,54.97835497835497,71.30044843049326,62.2,77.10280373831775,58.92353278634556,1,Moderate-High,0.22485682895405684,High 20%
01523,8470,130444.0,51.5,9.4,67.5,19.6,48.21493350793216,51.83982683982683,57.847533632286996,32.5,69.47040498442367,50.030237311839514,3,Needs Improvement,-0.5819991593229327,High 20%
01524,6110,93191.0,30.7,2.8,21.4,14.9,31.734367949319154,29.329004329004327,87.4439461883408,78.6,76.79127725856698,56.153760033105726,1,Moderate-High,-0.026434465541264208,Low 20%
01527,13899,116000.0,33.4,3.8,35.2,19.4,41.82497058068854,32.251082251082245,82.95964125560538,64.8,69.78193146417446,55.04913460548122,1,Moderate-High,-0.12665306770475138,High 20%
01529,3156,115789.0,31.3,2.5,31.9,16.4,41.73162509622106,29.978354978354975,88.78923766816143,68.1,74.45482866043615,56.750825418319906,1,Moderate-High,0.02773508081351103,High 20%
01531,925,99375.0,36.8,2.6,69.2,24.9,34.470142716840236,35.93073593073592,88.34080717488789,30.8,61.21495327102804,47.549876423974425,2,Moderate-Low,-0.8070331797486551,Middle 20%
01532,15694,174358.0,67.4,5.9,54.8,16.8,67.64229656435529,69.04761904761905,73.54260089686098,45.2,73.83177570093459,65.30417665245923,0,High Performing,0.8037491784992747,Highest 20%
01534,6097,134539.0,40.6,7.2,29.5,19.2,50.026543739659004,40.04329004329004,67.71300448430495,70.5,70.09345794392523,57.169405136990775,1,Moderate-High,0.06571127912481782,High 20%
01535,4739,81010.0,26.5,4.0,32.7,19.7,26.34554640288088,24.78354978354978,82.0627802690583,67.3,69.31464174454828,49.586294274874156,1,Moderate-High,-0.6222764782151476,Low 20%
01536,7119,105795.0,48.2,6.5,45.9,18.5,37.31032286035338,48.268398268398265,70.85201793721974,54.1,71.18380062305296,53.50346393193716,1,Moderate-High,-0.2668860828371335,Middle 20%
01537,1821,94261.0,34.7,0.1,24.5,14.4,32.20773130657135,33.65800865800866,99.55156950672645,75.5,77.57009345794394,59.233758238284686,1,Moderate-High,0.25300244317890314,Low 20%
01540,11521,118389.0,26.8,5.6,59.8,15.3,42.881853814777784,25.108225108225106,74.88789237668162,40.2,76.16822429906543,47.63192063599359,3,Needs Improvement,-0.7995896101561576,High 20%
01541,3500,150577.0,62.1,1.3,65.3,20.3,57.121685350510084,63.31168831168831,94.17040358744394,34.7,68.38006230529595,62.72043036356798,0,High Performing,0.5693353808967445,Highest 20%
01542,2572,107674.0,28.4,0.0,10.1,31.1,38.14158430734111,26.839826839826834,100.0,89.9,51.557632398753896,59.38111602666738,1,Moderate-High,0.2663716733272394,Middle 20%
01543,9202,155504.0,41.8,4.4,24.7,12.9,59.30136877217508,41.34199134199134,80.26905829596411,75.3,79.90654205607477,64.26530589334192,1,Moderate-High,0.7094962555594547,Highest 20%
01545,38440,136225.0,65.6,2.9,31.2,15.7,50.77242282407695,67.0995670995671,86.99551569506727,68.8,75.54517133956385,68.18161775388084,0,High Performing,1.064808826213871,High 20%
01550,17806,59397.0,17.7,7.5,49.2,14.4,16.784048982047583,15.259740259740258,66.3677130044843,50.8,77.57009345794394,39.20149925713821,3,Needs Improvement,-1.5644507342160914,Lowest 20%
01560,4914,98884.0,46.4,5.4,25.2,13.2,34.252926447297405,46.32034632034631,75.7847533632287,74.8,79.43925233644859,58.20419409820153,1,Moderate-High,0.15959387555369664,Middle 20%
01562,11961,79086.0,27.5,5.8,34.3,25.9,25.4943771511489,25.865800865800864,73.99103139013454,65.7,59.65732087227414,46.74398286949177,1,Moderate-High,-0.8801489378174352,Low 20%
01564,8111,136027.0,53.5,3.7,29.4,21.9,50.68482848320224,54.004329004329,83.40807174887892,70.6,65.88785046728972,63.56268876838757,1,Moderate-High,0.645750388084286,High 20%
01566,7054,135802.0,46.4,2.5,35.1,21.1,50.58528945948099,46.32034632034631,88.78923766816143,64.9,67.13395638629284,61.6776521172184,1,Moderate-High,0.47472794601233614,High 20%
01568,7926,161429.0,52.9,5.8,17.2,19.0,61.92256306350147,53.35497835497834,73.99103139013454,82.8,70.40498442367601,67.21809007501447,0,High Performing,0.977391503828421,Highest 20%
01569,14127,122458.0,38.9,4.6,19.2,17.0,44.681961759319066,38.2034632034632,79.37219730941705,80.8,73.5202492211838,60.10782062469736,1,Moderate-High,0.3323029086392519,High 20%
01570,17674,68934.0,24.8,6.6,41.4,19.0,21.00317640084586,22.943722943722943,70.4035874439462,58.599999999999994,70.40498442367601,43.82794076729904,3,Needs Improvement,-1.1447107123549785,Lowest 20%
01571,11886,85179.0,24.9,5.5,39.8,16.2,28.189893913520496,23.05194805194805,75.33632286995515,60.199999999999996,74.76635514018692,47.394360579376865,3,Needs Improvement,-0.8211425603314996,Low 20%
01581,21591,134474.0,66.0,4.2,29.0,15.7,49.99778802169509,67.53246753246752,81.16591928251121,71.0,75.54517133956385,67.37026487899928,0,High Performing,0.9911977640850372,High 20%
01583,7516,100427.0,41.9,4.7,20.2,25.4,34.93554295219472,41.450216450216445,78.9237668161435,79.8,60.436137071651096,56.8848069209966,1,Moderate-High,0.03989072975859984,Middle 20%
01585,4942,70753.0,28.5,5.1,26.7,30.6,21.807894108174587,26.948051948051944,77.13004484304933,73.3,52.336448598130836,47.50864034247958,1,Moderate-High,-0.8107743777536658,Lowest 20%
01588,10357,88735.0,31.0,6.3,38.1,14.7,29.763052883977316,29.65367965367965,71.74887892376681,61.9,77.10280373831775,49.29423929299938,3,Needs Improvement,-0.6487735525232381,Low 20%
01590,9287,155938.0,47.4,1.8,27.4,17.0,59.49336848904186,47.402597402597394,91.92825112107623,72.6,73.5202492211838,66.98166661924344,1,Moderate-High,0.9559416732673159,Highest 20%
01602,25791,94351.0,47.4,5.3,40.2,16.1,32.24754691605985,47.402597402597394,76.23318385650224,59.8,74.9221183800623,54.611384688970986,1,Moderate-High,-0.16636850755677685,Low 20%
01603,21034,63646.0,24.2,8.4,45.9,12.4,18.663788145565867,22.29437229437229,62.33183856502242,54.1,80.68535825545172,41.594443648534195,3,Needs Improvement,-1.3473476909913944,Lowest 20%
01604,39988,72911.0,31.2,5.1,36.3,14.8,22.762583944576672,29.870129870129862,77.13004484304933,63.7,76.94704049844238,49.01889147213074,3,Needs Improvement,-0.6737548475632773,Lowest 20%
01605,31086,54805.0,32.0,7.8,46.9,13.9,14.752568106812008,30.735930735930733,65.02242152466367,53.1,78.34890965732087,42.831499981350504,3,Needs Improvement,-1.2351141198894235,Lowest 20%
01606,22269,92537.0,42.3,2.9,33.1,14.4,31.44504118703604,41.88311688311688,86.99551569506727,66.9,77.57009345794394,56.86815200234608,1,Moderate-High,0.03837969024732267,Low 20%
01607,8755,66365.0,29.5,10.9,32.1,12.8,19.866661947779615,28.030303030303028,51.12107623318386,67.9,80.06230529595017,43.78468702075245,3,Needs Improvement,-1.1486349656890293,Lowest 20%
01608,4951,45962.0,28.6,7.0,47.6,5.4,10.840463276736182,27.056277056277057,68.60986547085201,52.400000000000006,91.58878504672897,42.835036682096614,3,Needs Improvement,-1.2347932480389465,Lowest 20%
01609,23184,61411.0,48.5,6.9,51.2,13.8,17.675033843268064,48.59307359307359,69.05829596412556,48.8,78.50467289719627,47.98915334163016,3,Needs Improvement,-0.7671792006991092,Lowest 20%
01610,28719,43757.0,18.3,7.4,51.0,8.9,9.86498084426788,15.909090909090908,66.81614349775785,49.0,86.13707165109035,38.220453803000304,3,Needs Improvement,-1.6534573799203995,Lowest 20%
01611,2401,118389.0,27.6,2.9,28.9,9.4,42.881853814777784,25.97402597402597,86.99551569506727,71.1,85.35825545171339,57.36889863138573,1,Moderate-High,0.08381059012109546,High 20%
01612,4996,133750.0,53.8,3.3,12.5,17.7,49.67749356314313,54.32900432900431,85.20179372197309,87.5,72.42990654205606,67.78497387163708,1,Moderate-High,1.0288227856601482,High 20%
01701,32270,127000.0,60.6,3.7,41.5,21.1,46.691322851505475,61.68831168831168,83.40807174887892,58.5,67.13395638629284,62.18991862335936,1,Moderate-High,0.5212040019646458,High 20%
01702,39761,78784.0,39.3,4.9,44.8,11.5,25.360773661531926,38.63636363636363,78.0269058295964,55.2,82.08722741433021,50.853388231826194,3,Needs Improvement,-0.5073177039556965,Low 20%
01718,528,125972.0,70.2,0.0,0.0,11.7,46.23654011201458,72.07792207792208,100.0,100.0,81.77570093457943,77.7561856409421,0,High Performing,1.9334741547173102,High 20%
01719,5468,151000.0,77.8,5.6,48.9,13.9,57.30881871510605,80.3030303030303,74.88789237668162,51.1,78.34890965732087,67.4354316956025,0,High Performing,0.9971101096676156,Highest 20%
01720,23322,154101.0,77.8,5.3,41.9,16.3,58.68068765981543,80.3030303030303,76.23318385650224,58.099999999999994,74.61059190031153,69.07362545204303,0,High Performing,1.1457374038052177,Highest 20%
01721,18694,127106.0,59.5,5.1,37.0,17.3,46.73821679156971,60.497835497835496,77.13004484304933,63.0,73.05295950155764,62.14031799111694,1,Moderate-High,0.5167039190356744,High 20%
01730,14478,158286.0,69.4,5.4,34.0,18.0,60.53211350103078,71.21212121212122,75.7847533632287,66.0,71.96261682242991,68.48927103317673,0,High Performing,1.0927210766754167,Highest 20%
01731,1745,101194.0,39.8,1.1,58.0,0.0,35.274860424168956,39.17748917748917,95.06726457399103,42.0,100.0,56.026540315212735,1,Moderate-High,-0.03797664262321602,Middle 20%
01740,5698,198475.0,80.8,5.8,0.0,14.6,78.31155272029092,83.54978354978356,73.99103139013454,100.0,77.25856697819314,82.98939704336483,0,High Performing,2.408264177163823,Highest 20%
01742,18337,211435.0,79.1,4.0,38.4,20.6,84.04500048663522,81.70995670995671,82.0627802690583,61.6,67.91277258566979,76.96257261152662,0,High Performing,1.861472563519297,Highest 20%
01745,660,180833.0,80.0,0.0,0.0,13.0,70.50680846922253,82.68398268398268,100.0,100.0,79.75077881619937,86.27277566992124,0,High Performing,2.7061530434690173,Highest 20%
01746,14964,154684.0,65.7,5.0,40.8,19.3,58.93860433016873,67.20779220779221,77.57847533632287,59.20000000000001,69.93769470404985,65.88606367215979,0,High Performing,0.8565416475780246,Highest 20%
01747,6024,115216.0,48.4,3.1,48.6,19.2,41.4781323824776,48.48484848484848,86.09865470852017,51.4,70.09345794392523,56.99982195292808,1,Moderate-High,0.05032562057290017,Middle 20%
01748,19050,204418.0,75.8,2.2,50.1,12.6,80.94071013351501,78.13852813852814,90.13452914798206,49.9,80.37383177570094,75.8140985751773,0,High Performing,1.7572757383642699,Highest 20%
01749,19959,107202.0,47.3,4.5,29.7,18.5,37.93277355535697,47.29437229437229,79.82062780269058,70.3,71.18380062305296,58.44929208527573,1,Moderate-High,0.18183071443444182,Middle 20%
01752,41398,95047.0,40.6,5.6,45.6,14.7,32.555454296104266,40.04329004329004,74.88789237668162,54.400000000000006,77.10280373831775,51.71754493401667,3,Needs Improvement,-0.42891594479107054,Low 20%
01754,10663,119549.0,64.2,4.9,37.4,15.5,43.39503278151848,65.58441558441558,78.0269058295964,62.6,75.85669781931465,62.95591303933426,0,High Performing,0.5906998579482695,High 20%
01756,6266,129837.0,53.7,1.3,38.5,14.9,47.94639934171526,54.220779220779214,94.17040358744394,61.5,76.79127725856698,64.35500308396911,1,Moderate-High,0.7176341517529006,High 20%
01757,30473,92951.0,33.9,4.7,37.4,18.3,31.628192990683146,32.79220779220779,78.9237668161435,62.6,71.49532710280374,51.559386269231815,1,Moderate-High,-0.44326509872904224,Low 20%
01760,36520,134644.0,69.5,3.0,31.3,18.9,50.07299528406225,71.32034632034632,86.54708520179372,68.7,70.56074766355141,68.45382720781603,0,High Performing,1.0895053887651582,High 20%
01770,4404,247500.0,81.2,6.3,13.0,15.2,100.0,83.982683982684,71.74887892376681,87.0,76.32398753894081,85.37784553431844,0,High Performing,2.6249593238776,Highest 20%
01772,9781,196680.0,75.4,4.4,27.2,13.0,77.51745250882578,77.7056277056277,80.26905829596411,72.8,79.75077881619937,77.39465959442613,0,High Performing,1.9006742262334628,Highest 20%
01773,5257,197292.0,87.8,0.8,41.8,27.1,77.7881986533476,91.12554112554112,96.41255605381166,58.20000000000001,57.78816199376947,78.92976235486147,0,High Performing,2.039948453478969,Highest 20%
01775,7109,177862.0,76.6,4.1,34.8,18.5,69.19245096044098,79.004329004329,81.61434977578477,65.2,71.18380062305296,73.53044500865475,0,High Performing,1.5500882497015074,Highest 20%
01776,19067,234634.0,84.4,5.0,39.4,15.6,94.30813742578813,87.44588744588745,77.57847533632287,60.6,75.70093457943925,80.6442947431274,0,High Performing,2.195501670903588,Highest 20%
01778,13915,219531.0,77.7,3.5,30.7,19.6,87.62663575795648,80.1948051948052,84.30493273542601,69.3,69.47040498442367,79.62338728371799,0,High Performing,2.1028784920760697,Highest 20%
01801,41205,107754.0,47.3,7.4,41.8,15.6,38.176975960219785,47.29437229437229,66.81614349775785,58.20000000000001,75.70093457943925,53.941159221143515,3,Needs Improvement,-0.22717559911946641,Middle 20%
01803,26068,142421.0,58.2,3.6,44.5,21.6,53.513506339529826,59.09090909090909,83.85650224215246,55.50000000000001,66.35514018691589,62.65791832473181,0,High Performing,0.5636638935365241,Highest 20%
01810,35608,167591.0,75.2,5.1,33.7,16.3,64.64860512648092,77.4891774891775,77.13004484304933,66.3,74.61059190031153,71.68151381255562,0,High Performing,1.3823415227698264,Highest 20%
01821,30203,142564.0,41.7,3.0,34.5,19.0,53.576768919050444,41.23376623376623,86.54708520179372,65.5,70.40498442367601,61.152549270930514,1,Moderate-High,0.4270872961313982,Highest 20%
01824,26628,141337.0,56.9,5.5,50.8,18.2,53.033949443023864,57.683982683982684,75.33632286995515,49.2,71.65109034267913,59.75185664001059,0,High Performing,0.30000760556753936,Highest 20%
01826,32373,111451.0,35.3,4.7,45.9,17.9,39.812512718875254,34.307359307359306,78.9237668161435,54.1,72.11838006230529,52.34655937601787,1,Moderate-High,-0.37184777802473845,Middle 20%
01827,3375,202379.0,59.9,5.4,11.9,14.4,80.03866538076994,60.93073593073592,75.7847533632287,88.1,77.57009345794394,75.77631034631659,0,High Performing,1.7538473513473263,Highest 20%
01830,26685,79784.0,30.4,7.7,47.8,17.1,25.803169322515284,29.004329004328998,65.47085201793722,52.2,73.36448598130842,44.57249358342936,3,Needs Improvement,-1.0771601738616405,Low 20%
01832,26065,81141.0,28.4,5.6,46.5,14.8,26.4035002344697,26.839826839826834,74.88789237668162,53.5,76.94704049844238,46.6831142937547,3,Needs Improvement,-0.8856713198154393,Low 20%
01833,8380,153565.0,53.6,1.6,46.1,18.2,58.44356358552836,54.112554112554115,92.82511210762331,53.900000000000006,71.65109034267913,64.64916088031319,0,High Performing,0.7443220066835012,Highest 20%
01834,6747,135521.0,45.5,2.6,56.3,20.6,50.46097627874466,45.34632034632034,88.34080717488789,43.7,67.91277258566979,57.151262849810806,1,Moderate-High,0.06406529613750317,High 20%
01835,14637,108275.0,40.0,3.5,45.9,13.3,38.40746409959211,39.39393939393939,84.30493273542601,54.1,79.2834890965732,55.0596863301254,1,Moderate-High,-0.12569574853772122,Middle 20%
01840,7092,34630.0,13.5,7.8,46.9,13.3,5.827235646472779,10.714285714285714,65.02242152466367,53.1,79.2834890965732,35.68821355477968,3,Needs Improvement,-1.8831982238954843,Lowest 20%
01841,52761,54525.0,14.6,10.3,54.2,10.0,14.62869732173667,11.904761904761903,53.81165919282511,45.8,84.42367601246106,34.998064246435774,3,Needs Improvement,-1.9458129322270359,Lowest 20%
01843,28444,72163.0,20.5,6.4,41.5,9.2,22.43167199016112,18.290043290043286,71.30044843049326,58.5,85.66978193146417,44.70749669929617,3,Needs Improvement,-1.0649118377093734,Lowest 20%
01844,53015,103292.0,30.5,6.3,46.8,17.0,36.20300652091205,29.112554112554108,71.74887892376681,53.2,73.5202492211838,48.670690865238285,3,Needs Improvement,-0.7053458079219248,Middle 20%
01845,31881,134319.0,60.7,3.4,43.6,15.5,49.92921669424266,61.79653679653679,84.75336322869957,56.39999999999999,75.85669781931465,63.74778080036624,0,High Performing,0.6625431073650593,High 20%
01850,16983,67581.0,18.5,7.9,54.6,10.7,20.40461507153538,16.125541125541126,64.57399103139014,45.4,83.33333333333333,39.46067058888049,3,Needs Improvement,-1.540937072536297,Lowest 20%
01851,32308,87962.0,32.0,5.0,41.4,10.6,29.42108103803718,30.735930735930733,77.57847533632287,58.599999999999994,83.48909657320873,50.62385766807742,3,Needs Improvement,-0.5281421677761319,Low 20%
01852,36700,77058.0,32.9,4.6,40.5,14.0,24.597198750674654,31.709956709956703,79.37219730941705,59.5,78.19314641744548,49.670542968785796,3,Needs Improvement,-0.6146329040887749,Lowest 20%
01854,28808,70397.0,29.6,5.5,36.8,13.1,21.650401252864512,28.138528138528134,75.33632286995515,63.2,79.59501557632399,48.1139984794716,3,Needs Improvement,-0.7558524605313731,Lowest 20%
01860,6707,116477.0,36.8,1.6,14.5,23.7,42.0359933109776,35.93073593073592,92.82511210762331,85.5,63.084112149532714,61.46511594690632,1,Moderate-High,0.45544532100191704,High 20%
01862,11703,131214.0,38.5,5.1,29.8,15.3,48.55557816688934,37.77056277056276,77.13004484304933,70.2,76.16822429906543,58.664366632879435,1,Moderate-High,0.201343637080212,High 20%
01863,9592,136284.0,48.6,3.0,35.5,18.8,50.798524168074955,48.701298701298704,86.54708520179372,64.5,70.7165109034268,62.15602384804484,1,Moderate-High,0.5181288536675693,High 20%
01864,15634,150820.0,55.5,4.2,67.9,14.3,57.22918749612904,56.16883116883117,81.16591928251121,32.099999999999994,77.72585669781932,58.77527419252423,0,High Performing,0.21140587204149439,Highest 20%
01867,25474,163407.0,65.0,3.0,21.6,20.6,62.797621680926554,66.45021645021644,86.54708520179372,78.4,67.91277258566979,72.09265383171147,0,High Performing,1.419642744507839,Highest 20%
01876,30962,126795.0,40.5,4.1,42.4,20.1,46.60063174100388,39.93506493506493,81.61434977578477,57.60000000000001,68.69158878504673,56.34595300267884,1,Moderate-High,-0.008997504310262595,High 20%
01879,12435,144167.0,49.8,3.7,44.2,13.7,54.28592916360676,49.99999999999999,83.40807174887892,55.8,78.66043613707164,61.77914025438463,1,Moderate-High,0.48393559141739295,Highest 20%
01880,27258,130419.0,57.1,4.5,37.1,19.2,48.20387361640757,57.9004329004329,79.82062780269058,62.9,70.09345794392523,62.07954798414075,1,Moderate-High,0.5111904798188026,High 20%
01886,24584,181523.0,73.0,3.8,36.7,14.3,70.81206147530105,75.10822510822511,82.95964125560538,63.3,77.72585669781932,73.50458556678454,0,High Performing,1.547742117653349,Highest 20%
01887,23195,161473.0,49.2,5.1,32.1,14.7,61.942028472584745,49.35064935064935,77.13004484304933,67.9,77.10280373831775,64.53945879825017,0,High Performing,0.7343691402693872,Highest 20%
01890,22862,218176.0,78.4,3.0,30.6,17.7,87.02718963732403,80.95238095238096,86.54708520179372,69.4,72.42990654205606,80.42730034199062,0,High Performing,2.175814567008109,Highest 20%
01901,1934,27561.0,38.7,7.6,39.7,24.2,2.6999407189814284,37.98701298701299,65.91928251121077,60.3,62.30529595015576,41.646124523756335,3,Needs Improvement,-1.3426588752681436,Lowest 20%
01902,51680,66755.0,20.4,6.0,47.7,14.0,20.039196255563123,18.181818181818176,73.09417040358744,52.300000000000004,78.19314641744548,42.45340233180736,3,Needs Improvement,-1.2694175289644811,Lowest 20%
01904,20103,100597.0,32.2,3.6,52.3,16.8,35.010750214561895,30.952380952380953,83.85650224215246,47.7,73.83177570093459,50.18526081025966,1,Moderate-High,-0.567934447497883,Middle 20%
01905,27188,84341.0,20.6,2.7,48.4,10.7,27.81916634961644,18.398268398268396,87.89237668161435,51.6,83.33333333333333,47.786167356627416,1,Moderate-High,-0.785595372522621,Low 20%
01906,28599,100819.0,31.4,3.6,37.9,21.7,35.1089620513002,30.086580086580085,83.85650224215246,62.1,66.1993769470405,52.11012367760462,1,Moderate-High,-0.39329871931574295,Middle 20%
01907,15279,127714.0,61.5,5.4,39.0,19.2,47.00719335344759,62.662337662337656,75.7847533632287,61.0,70.09345794392523,61.78367922098458,1,Moderate-High,0.4843473951623893,High 20%
01908,3328,111004.0,61.7,5.1,51.8,32.4,39.61476185841569,62.878787878787875,77.13004484304933,48.2,49.532710280373834,55.642667430948144,2,Moderate-Low,-0.0728040175028579,Middle 20%
01913,17277,100599.0,42.5,3.9,53.7,18.0,35.01163500588386,42.099567099567096,82.51121076233184,46.3,71.96261682242991,52.236304361072094,1,Moderate-High,-0.38185081000558146,Middle 20%
01915,41656,102347.0,51.4,3.7,43.4,18.1,35.784942621282774,51.73160173160173,83.40807174887892,56.60000000000001,71.80685358255452,57.06143579625236,1,Moderate-High,0.05591561795794911,Middle 20%
01921,8229,190526.0,69.2,3.1,22.0,20.6,74.79494961113421,70.995670995671,86.09865470852017,78.0,67.91277258566979,76.05866335197233,0,High Performing,1.779464201037569,Highest 20%
01922,3791,179896.0,49.7,0.8,52.1,26.6,70.09228373488114,49.891774891774894,96.41255605381166,47.9,58.56697819314641,64.71522368674098,0,High Performing,0.7503156421273534,Highest 20%
01923,27778,117072.0,47.0,5.6,44.2,22.2,42.299218729262705,46.96969696969697,74.88789237668162,55.8,65.42056074766354,54.996863474842606,1,Moderate-High,-0.13139543513094085,High 20%
01929,3605,151509.0,68.5,1.1,36.5,13.8,57.53399810654657,70.23809523809524,95.06726457399103,63.5,78.50467289719627,71.5069435406783,0,High Performing,1.3665034040833235,Highest 20%
01930,29862,87898.0,38.8,6.4,49.8,25.5,29.39276771573424,38.09523809523809,71.30044843049326,50.2,60.280373831775705,47.200128522019305,3,Needs Improvement,-0.8387645204972851,Low 20%
01938,13820,124405.0,57.5,2.8,45.2,22.6,45.54330611125366,58.33333333333333,87.4439461883408,54.79999999999999,64.797507788162,60.89769987763111,1,Moderate-High,0.4039657480301527,High 20%
01940,13183,171044.0,61.2,3.4,60.8,18.8,66.17619734385644,62.33766233766234,84.75336322869957,39.2,70.7165109034268,63.9907886564623,0,High Performing,0.684590316349797,Highest 20%
01944,5368,197875.0,84.0,8.9,33.3,25.5,78.0461153237009,87.01298701298701,60.0896860986547,66.7,60.280373831775705,72.65075018708049,0,High Performing,1.4702767741154144,Highest 20%
01945,20390,164325.0,76.8,1.9,40.0,22.8,63.203740897709274,79.2207792207792,91.4798206278027,60.0,64.48598130841123,72.35069228602379,0,High Performing,1.4430536243852101,Highest 20%
01949,9727,171458.0,41.6,2.9,36.0,18.5,66.35934914750356,41.12554112554112,86.99551569506727,64.0,71.18380062305296,64.18870576957991,1,Moderate-High,0.7025466080708148,Highest 20%
01950,18444,144259.0,65.9,5.8,34.1,22.9,54.32662956441723,67.42424242424242,73.99103139013454,65.9,64.33021806853583,64.8489460820454,0,High Performing,0.7624477832135692,Highest 20%
01951,2938,175779.0,60.6,3.0,34.7,24.4,68.27094079861264,61.68831168831168,86.54708520179372,65.3,61.99376947040499,69.05860710913034,0,High Performing,1.1443748447912006,Highest 20%
01952,9217,102521.0,43.9,7.0,47.8,24.3,35.86191946629388,43.61471861471861,68.60986547085201,52.2,62.149532710280376,50.24608588545156,3,Needs Improvement,-0.562416012144344,Middle 20%
01960,53961,95173.0,33.7,4.9,51.3,24.2,32.611196149388164,32.57575757575758,78.0269058295964,48.7,62.30529595015576,47.872649192221296,1,Moderate-High,-0.7777491936650606,Low 20%
01966,6977,93227.0,57.2,9.1,50.8,39.8,31.750294193114552,58.00865800865801,59.19282511210763,49.2,38.00623052959502,47.91892612582417,2,Moderate-Low,-0.7735506576888733,Low 20%
01969,6214,117177.0,51.2,3.3,31.9,21.0,42.34567027366596,51.515151515151516,85.20179372197309,68.1,67.28971962616822,60.854536154215815,1,Moderate-High,0.40004966216369287,High 20%
01970,44115,85189.0,49.7,5.2,44.9,16.4,28.19431787013033,49.891774891774894,76.68161434977578,55.1,74.45482866043615,53.323328926475085,1,Moderate-High,-0.2832290693343248,Low 20%
01982,7646,127137.0,68.6,2.4,67.0,20.1,46.75193105706019,70.34632034632034,89.23766816143498,33.0,68.69158878504673,60.5912553616368,0,High Performing,0.3761631642170483,High 20%
01983,6535,176698.0,73.0,0.7,27.4,21.9,68.67750241105635,75.10822510822511,96.8609865470852,72.6,65.88785046728972,76.42741423596638,0,High Performing,1.8129196124523752,Highest 20%
01984,4930,187652.0,69.9,2.0,31.7,14.2,73.52350448146805,71.75324675324676,91.03139013452915,68.3,77.88161993769471,75.973627829354,0,High Performing,1.7717492408366462,Highest 20%
01985,4536,189048.0,66.6,2.9,18.9,23.5,74.1410888242008,68.18181818181816,86.99551569506727,81.1,63.39563862928349,75.53939375344655,0,High Performing,1.7323527802710184,Highest 20%
02019,17160,120966.0,40.0,6.8,59.2,14.6,44.021907433131894,39.39393939393939,69.50672645739911,40.8,77.25856697819314,50.64116369606696,3,Needs Improvement,-0.5265720555093486,High 20%
02021,24459,128341.0,65.5,4.0,49.1,19.6,47.284575432884154,66.991341991342,82.0627802690583,50.9,69.47040498442367,62.10857590831057,0,High Performing,0.5138240766121183,High 20%
02025,8358,187060.0,72.5,3.5,32.0,17.9,73.2616062501659,74.56709956709958,84.30493273542601,68.0,72.11838006230529,74.6300010076321,0,High Performing,1.6498469212495297,Highest 20%
02026,25109,124375.0,55.1,3.6,43.4,20.3,45.53003424142416,55.73593073593073,83.85650224215246,56.60000000000001,68.38006230529595,60.24579792329881,1,Moderate-High,0.3448210814517935,High 20%
02032,4914,180100.0,63.6,5.8,34.9,14.3,70.18253244972173,64.93506493506493,73.99103139013454,65.1,77.72585669781932,69.37019129400551,0,High Performing,1.1726437318578256,Highest 20%
02035,18516,108559.0,58.3,6.5,48.6,17.2,38.53310446731138,59.19913419913419,70.85201793721974,51.4,73.20872274143302,56.20433552819865,1,Moderate-High,-0.02184593689147662,Middle 20%
02038,33067,142788.0,56.4,5.1,40.2,14.0,53.67586554711071,57.14285714285714,77.13004484304933,59.8,78.19314641744548,62.91000428284637,0,High Performing,0.5865347253275454,Highest 20%
02043,24185,181017.0,75.3,2.6,54.1,24.9,70.58820927084348,77.59740259740259,88.34080717488789,45.9,61.21495327102804,70.0160597291419,0,High Performing,1.2312409994312197,Highest 20%
02045,10098,127112.0,51.7,4.4,48.1,24.9,46.74087116553561,52.056277056277054,80.26905829596411,51.9,61.21495327102804,57.254594041748796,1,Moderate-High,0.07344015512312534,High 20%
02048,23855,131409.0,51.5,3.2,25.7,14.5,48.641845320781094,51.83982683982683,85.65022421524664,74.3,77.41433021806854,64.85189590500816,1,Moderate-High,0.762715409801338,High 20%
02050,25903,125436.0,52.8,3.0,51.3,20.0,45.9994160377275,53.246753246753244,86.54708520179372,48.7,68.84735202492212,58.74569456397114,1,Moderate-High,0.20872222113868968,High 20%
02052,12923,214801.0,76.3,3.8,64.2,14.2,85.53410428150521,78.67965367965368,82.95964125560538,35.8,77.88161993769471,72.59352973518025,0,High Performing,1.4650853729750868,Highest 20%
02053,13251,174357.0,61.9,4.1,39.5,14.6,67.64185416869431,63.095238095238095,81.61434977578477,60.5,77.25856697819314,68.83299971895937,0,High Performing,1.12390631607979,Highest 20%
02054,8699,149021.0,50.7,3.8,49.7,23.3,56.43331770201998,50.97402597402597,82.95964125560538,50.3,63.70716510903427,59.87448068103599,1,Moderate-High,0.31113283379049633,Highest 20%
02056,11556,197379.0,58.5,4.7,42.2,13.3,77.82668707585316,59.41558441558441,78.9237668161435,57.8,79.2834890965732,69.58367014574542,0,High Performing,1.1920118828869475,Highest 20%
02061,11309,182637.0,65.3,2.4,49.7,15.4,71.30489024163651,66.77489177489177,89.23766816143498,50.3,76.01246105919004,70.02872524233807,0,High Performing,1.2323900948589186,Highest 20%
02062,31380,97110.0,53.1,3.5,42.6,18.7,33.46811654471293,53.57142857142857,84.30493273542601,57.4,70.87227414330218,57.188100240450794,1,Moderate-High,0.06740741709992672,Middle 20%
02066,18895,131889.0,67.0,3.6,39.4,22.5,48.85419523805311,68.61471861471861,83.85650224215246,60.6,64.95327102803739,64.75385601442717,0,High Performing,0.7538206111260822,High 20%
02067,18478,183724.0,76.0,2.9,47.9,17.5,71.78577432512542,78.35497835497836,86.99551569506727,52.1,72.74143302180686,72.6284346112201,0,High Performing,1.468252163995755,Highest 20%
02071,1677,207878.0,75.0,4.3,0.0,5.9,82.47139912051743,77.27272727272727,80.71748878923766,100.0,90.80996884735202,85.1605262408939,0,High Performing,2.6052427436998284,Highest 20%
02072,29074,104164.0,41.0,5.0,55.1,19.4,36.58877553728953,40.476190476190474,77.57847533632287,44.9,69.78193146417446,50.74012971705202,1,Moderate-High,-0.5175932324289002,Middle 20%
02081,19703,150233.0,61.3,5.1,35.6,17.8,56.9695012431318,62.445887445887436,77.13004484304933,64.4,72.27414330218069,65.38727047108276,0,High Performing,0.8112879750384638,Highest 20%
02090,16213,205000.0,71.0,1.8,52.7,18.3,81.19818440820733,72.94372294372295,91.92825112107623,47.3,71.49532710280374,73.53065977247819,0,High Performing,1.5501077344332923,Highest 20%
02093,12305,147930.0,53.7,6.2,35.5,21.1,55.95066403588713,54.220779220779214,72.19730941704037,64.5,67.13395638629284,61.595718336203944,1,Moderate-High,0.46729439541872325,Highest 20%
02108,4178,212664.0,77.3,6.3,29.2,17.9,84.58870475398376,79.76190476190476,71.74887892376681,70.8,72.11838006230529,76.80926616995603,0,High Performing,1.8475636339467598,Highest 20%
02109,3714,177500.0,87.7,1.7,32.6,12.8,69.032303731165,91.01731601731602,92.37668161434978,67.4,80.06230529595017,79.97397178958522,0,High Performing,2.134685734820562,Highest 20%
02110,2178,132239.0,85.5,11.7,51.6,36.3,49.00903371939728,88.63636363636364,47.53363228699552,48.4,43.45794392523365,57.9438701888627,2,Moderate-Low,0.13597564474782287,High 20%
02111,8067,70865.0,56.9,6.1,43.1,16.8,21.857442422204723,57.683982683982684,72.6457399103139,56.89999999999999,73.83177570093459,53.17768182870309,3,Needs Improvement,-0.2964430948155846,Lowest 20%
02113,6522,110321.0,79.9,2.2,34.1,11.0,39.31260562196406,82.57575757575758,90.13452914798206,65.9,82.86604361370716,69.96560099039753,0,High Performing,1.226663063655499,Middle 20%
02114,13853,135057.0,83.6,3.9,35.4,13.5,50.255704692048376,86.58008658008657,82.51121076233184,64.6,78.97196261682244,71.52838623218234,0,High Performing,1.368448820615858,High 20%
02115,28621,53398.0,67.2,8.0,50.2,9.5,14.130117411808424,68.83116883116884,64.12556053811659,49.8,85.202492211838,52.045682889551436,3,Needs Improvement,-0.39914519499835677,Lowest 20%
02116,22040,127309.0,76.9,3.7,36.4,16.6,46.82802311074933,79.32900432900433,83.40807174887892,63.6,74.14330218068535,68.35520142778273,0,High Performing,1.0805574344948343,High 20%
02118,28522,90142.0,58.2,7.9,40.1,13.6,30.3855035789809,59.09090909090909,64.57399103139014,59.9,78.81619937694704,55.145521311445236,3,Needs Improvement,-0.11790825638927233,Low 20%
02119,26851,43255.0,29.8,8.3,48.9,15.6,9.642898222454233,28.354978354978357,62.78026905829596,51.1,75.70093457943925,39.84561641396127,3,Needs Improvement,-1.5060123536827494,Lowest 20%
02120,15248,61472.0,44.2,9.5,44.5,7.0,17.702019978588048,43.93939393939394,57.399103139013455,55.50000000000001,89.09657320872275,46.899831428170465,3,Needs Improvement,-0.8660093713097531,Lowest 20%
02121,28298,38565.0,20.5,9.6,50.2,12.4,7.568062572442289,18.290043290043286,56.95067264573991,49.8,80.68535825545172,35.88319682031455,3,Needs Improvement,-1.8655081093747643,Lowest 20%
02122,23471,82945.0,37.5,8.0,43.4,13.5,27.20158200688368,36.688311688311686,64.12556053811659,56.60000000000001,78.97196261682244,48.01478179310441,3,Needs Improvement,-0.7648540255599781,Low 20%
02124,55897,79168.0,31.1,7.8,46.8,13.2,25.53065359534954,29.761904761904763,65.02242152466367,53.2,79.43925233644859,45.41154912789118,3,Needs Improvement,-1.0010357504140293,Low 20%
02125,33069,71810.0,41.8,7.0,44.3,12.0,22.275506321833998,41.34199134199134,68.60986547085201,55.7,81.30841121495327,48.897188631622065,3,Needs Improvement,-0.6847964986515875,Lowest 20%
02126,25313,67206.0,24.3,10.5,56.2,15.1,20.23871669866662,22.4025974025974,52.91479820627802,43.8,76.4797507788162,37.651263244453226,3,Needs Improvement,-1.7050979457771123,Lowest 20%
02127,36646,156373.0,68.7,4.1,24.5,9.8,59.68581060156962,70.45454545454545,81.61434977578477,75.5,84.73520249221184,72.43147921840692,0,High Performing,1.4503831256206876,Highest 20%
02128,44124,92079.0,38.2,7.3,35.9,8.0,31.242423974305662,37.44588744588744,67.26457399103138,64.1,87.53894080996885,52.19888673425144,3,Needs Improvement,-0.38524557366253015,Low 20%
02129,19994,157192.0,71.4,2.5,28.8,13.2,60.04813264791499,73.37662337662339,88.78923766816143,71.2,79.43925233644859,73.29796177341174,0,High Performing,1.5289959008565197,Highest 20%
02130,41109,130533.0,72.6,3.2,36.6,13.2,48.25430672175967,74.67532467532467,85.65022421524664,63.4,79.43925233644859,68.48637792596527,0,High Performing,1.092458595699159,High 20%
02131,31564,109237.0,51.9,5.3,35.4,14.5,38.833048725458106,52.27272727272727,76.23318385650224,64.6,77.41433021806854,58.68451379265365,1,Moderate-High,0.2031715147839491,Middle 20%
02132,27069,139545.0,64.2,3.8,35.7,20.0,52.24117641854169,65.58441558441558,82.95964125560538,64.3,68.84735202492212,65.79306145435261,0,High Performing,0.8481038984246453,High 20%
02134,17637,75317.0,76.2,5.3,46.4,6.5,23.82698790490263,78.57142857142858,76.23318385650224,53.6,89.8753894080997,60.553779831193225,1,Moderate-High,0.3727631471773657,Lowest 20%
02135,43683,88208.0,71.1,3.3,37.0,13.5,29.529910370639083,73.05194805194805,85.20179372197309,63.0,78.97196261682244,63.18301961172365,1,Moderate-High,0.6113044019482672,Low 20%
02136,38071,96862.0,32.5,6.4,44.2,17.0,33.358402420789055,31.277056277056275,71.30044843049326,55.8,73.5202492211838,48.93097928267837,3,Needs Improvement,-0.681730797165483,Low 20%
02138,38077,122040.0,85.6,3.0,43.8,14.2,44.49704037302802,88.74458874458874,86.54708520179372,56.2,77.88161993769471,69.64798631353241,0,High Performing,1.1978470522311717,High 20%
02139,39609,124648.0,77.6,4.1,34.0,11.3,45.650808256872615,80.08658008658008,81.61434977578477,66.0,82.398753894081,69.19709243042823,0,High Performing,1.1569391086344496,High 20%
02140,21361,136382.0,78.6,2.6,28.8,13.9,50.841878942851324,81.16883116883116,88.34080717488789,71.2,78.34890965732087,72.74572992863028,0,High Performing,1.4788939367244984,High 20%
02141,14677,120542.0,74.5,3.7,32.4,8.6,43.83433167287495,76.73160173160173,83.40807174887892,67.6,86.6043613707165,69.00353383796661,0,High Performing,1.1393782494616251,High 20%
02142,4349,168788.0,91.3,1.9,34.5,7.3,65.178152732678,94.9134199134199,91.4798206278027,65.5,88.62928348909658,80.28178563599468,0,High Performing,2.162612552945745,Highest 20%
02143,25161,126102.0,74.5,3.4,27.5,9.4,46.294051547942416,76.73160173160173,84.75336322869957,72.5,85.35825545171339,70.74291151079728,0,High Performing,1.2971855881722139,High 20%
02144,25009,140591.0,75.2,2.6,29.2,9.8,52.70392227993028,77.4891774891775,88.34080717488789,70.8,84.73520249221184,72.8499566264757,0,High Performing,1.488350041667372,Highest 20%
02145,27929,119167.0,55.3,2.5,29.9,10.1,43.226037639022834,55.95238095238094,88.78923766816143,70.1,84.26791277258567,64.9992434587418,1,Moderate-High,0.7760837113976092,High 20%
02148,65509,95298.0,44.9,5.6,40.5,13.2,32.666495607011086,44.69696969696969,74.88789237668162,59.5,79.43925233644859,54.16237003497638,1,Moderate-High,-0.2071059556083152,Low 20%
02149,49236,79658.0,23.5,5.4,48.2,10.9,25.747427469231383,21.536796536796533,75.7847533632287,51.800000000000004,83.02180685358256,45.64018735951098,3,Needs Improvement,-0.9802922446055992,Low 20%
02150,39444,72122.0,22.0,8.8,45.7,11.2,22.4135337680608,19.91341991341991,60.53811659192825,54.29999999999999,82.55451713395638,41.804813452151464,3,Needs Improvement,-1.3282616124631563,Lowest 20%
02151,59949,80948.0,24.7,7.2,50.1,15.4,26.31811787189991,22.835497835497833,67.71300448430495,49.9,76.01246105919004,43.41225092962943,3,Needs Improvement,-1.182424722392213,Low 20%
02152,18807,106357.0,42.9,5.9,41.7,19.7,37.55894922182603,42.53246753246753,73.54260089686098,58.3,69.31464174454828,53.32283854240042,1,Moderate-High,-0.28327356007775445,Middle 20%
02155,61276,118403.0,57.7,4.4,34.7,15.2,42.88804735403155,58.549783549783555,80.26905829596411,65.3,76.32398753894081,62.10566813904068,1,Moderate-High,0.5135602654012276,High 20%
02163,1852,74028.0,96.0,10.6,60.6,0.0,23.25673989789508,100.0,52.466367713004495,39.4,100.0,59.18745851707467,3,Needs Improvement,0.2488018397669341,Lowest 20%
02169,60928,92080.0,48.5,8.0,37.3,17.8,31.24286636996664,48.59307359307359,64.12556053811659,62.7,72.27414330218069,52.551511428601444,3,Needs Improvement,-0.35325323212094345,Low 20%
02170,19685,101840.0,46.0,6.1,32.3,16.7,35.56064802116421,45.887445887445885,72.6457399103139,67.7,73.98753894080996,55.829925353296304,1,Moderate-High,-0.05581479495514852,Middle 20%
02171,20513,104992.0,51.7,5.7,34.1,18.7,36.95507914458375,52.056277056277054,74.43946188340807,65.9,70.87227414330218,57.40795884122703,1,Moderate-High,0.08735437929397859,Middle 20%
02176,29488,126854.0,62.0,4.1,41.4,20.7,46.6267330850019,63.203463203463194,81.61434977578477,58.599999999999994,67.7570093457944,62.276119961852665,1,Moderate-High,0.5290247323519578,High 20%
02180,22986,112635.0,54.0,3.1,38.8,20.7,40.33630918147955,54.54545454545454,86.09865470852017,61.199999999999996,67.7570093457944,59.955872808017,1,Moderate-High,0.3185172421058936,Middle 20%
02184,38762,125305.0,47.1,3.7,38.9,17.8,45.94146220613868,47.077922077922075,83.40807174887892,61.1,72.27414330218069,59.38387475100904,1,Moderate-High,0.2666219622399889,High 20%
02186,28716,177222.0,70.3,3.6,33.7,15.8,68.90931773741164,72.18614718614718,83.85650224215246,66.3,75.38940809968848,72.84410748928906,0,High Performing,1.4878193709639387,Highest 20%
02188,15396,102236.0,39.5,5.5,45.1,21.4,35.73583670291362,38.85281385281385,75.33632286995515,54.89999999999999,66.66666666666667,51.36109387958956,1,Moderate-High,-0.4612554379088494,Middle 20%
02189,15231,91842.0,40.9,5.8,46.6,15.3,31.137576202652607,40.36796536796536,73.99103139013454,53.400000000000006,76.16822429906543,50.97141410058794,3,Needs Improvement,-0.49660965098984144,Low 20%
02190,19029,99024.0,47.5,3.8,41.2,18.6,34.314861839835075,47.51082251082251,82.95964125560538,58.8,71.02803738317756,55.91115307710322,1,Moderate-High,-0.048445302335050705,Middle 20%
02191,8130,116496.0,43.5,4.7,42.7,22.5,42.04439882853629,43.18181818181818,78.9237668161435,57.3,64.95327102803739,55.046634718621064,1,Moderate-High,-0.12687987324482533,High 20%
02199,1253,118367.0,91.8,0.7,51.2,17.2,42.87212111023615,95.45454545454545,96.8609865470852,48.8,73.20872274143302,71.03473622475575,0,High Performing,1.3236617711191976,High 20%
02210,6554,178833.0,93.1,2.5,34.0,7.0,69.62201714725582,96.86147186147186,88.78923766816143,66.0,89.09657320872275,81.48837710668647,0,High Performing,2.2720821591589226,Highest 20%
02215,24054,65827.0,84.6,7.5,51.0,4.0,19.62865308217057,87.66233766233765,66.3677130044843,49.0,93.76947040498442,59.27323732752236,3,Needs Improvement,0.2565842357387537,Lowest 20%
02301,68608,72727.0,21.7,9.5,48.4,13.1,22.68118314295573,19.588744588744586,57.399103139013455,51.6,79.59501557632399,40.32680411836017,3,Needs Improvement,-1.462355963102622,Lowest 20%
02302,36472,87560.0,20.6,6.2,42.4,15.6,29.24323798232187,18.398268398268396,72.19730941704037,57.60000000000001,75.70093457943925,45.43993193649957,3,Needs Improvement,-0.9984606825828243,Low 20%
02322,4753,129487.0,31.0,3.1,61.5,17.4,47.79156086037108,29.65367965367965,86.09865470852017,38.5,72.89719626168225,51.570760696384944,1,Moderate-High,-0.4422331387893291,High 20%
02324,26022,112445.0,39.6,5.5,43.8,19.3,40.25225400589271,38.96103896103896,75.33632286995515,56.2,69.93769470404985,53.10435728612894,1,Moderate-High,-0.3030955608708536,Middle 20%
02330,11645,78955.0,27.2,2.9,53.9,22.0,25.43642331956008,25.54112554112554,86.99551569506727,46.1,65.73208722741433,45.936699076926296,1,Moderate-High,-0.9533908270740818,Low 20%
02332,16110,171471.0,73.5,3.3,51.8,23.3,66.36510029109634,75.64935064935065,85.20179372197309,48.2,63.70716510903427,68.5546879904098,0,High Performing,1.0986561165973072,Highest 20%
02333,14420,128679.0,34.3,4.6,38.8,15.4,47.43410516629653,33.225108225108215,79.37219730941705,61.199999999999996,76.01246105919004,55.8804889156536,1,Moderate-High,-0.05122734891857476,High 20%
02338,7734,106851.0,32.9,1.5,26.7,17.4,37.77749267835181,31.709956709956703,93.27354260089686,73.3,72.89719626168225,57.976290493424735,1,Moderate-High,0.13891701973672674,Middle 20%
02339,14800,174821.0,56.5,6.8,68.5,15.6,67.84712575539059,57.25108225108224,69.50672645739911,31.5,75.70093457943925,59.045990751041955,0,High Performing,0.23596698968252247,Highest 20%
02341,10466,112457.0,39.0,4.9,66.0,19.7,40.25756275382451,38.31168831168831,78.0269058295964,34.0,69.31464174454828,48.97915810675232,1,Moderate-High,-0.6773597096621332,Middle 20%
02343,11267,107198.0,36.5,3.6,36.6,18.1,37.931003972713036,35.6060606060606,83.85650224215246,63.4,71.80685358255452,55.01625195137935,1,Moderate-High,-0.1296363899668521,Middle 20%
02346,24360,91914.0,30.3,4.8,52.4,20.9,31.169428690243407,28.89610389610389,78.47533632286995,47.6,67.44548286604362,46.975998697765185,1,Moderate-High,-0.8590989950876451,Low 20%
02347,11732,126182.0,39.0,4.0,55.7,15.9,46.32944320082109,38.31168831168831,82.0627802690583,44.3,75.23364485981308,53.956203417920314,1,Moderate-High,-0.22581069447945143,High 20%
02351,17008,119787.0,39.8,5.2,35.8,12.5,43.50032294883252,39.17748917748917,76.68161434977578,64.2,80.52959501557633,56.89873540309323,1,Moderate-High,0.04115440970935443,High 20%
02356,12547,124719.0,54.5,3.9,39.1,23.3,45.68221834880244,55.086580086580085,82.51121076233184,60.9,63.70716510903427,60.24515827221543,1,Moderate-High,0.3447630482616769,High 20%
02359,18335,141332.0,45.7,3.0,38.0,18.8,53.031737464718944,45.56277056277056,86.54708520179372,62.0,70.7165109034268,61.4296951375738,1,Moderate-High,0.45223172125124084,Highest 20%
02360,62405,111975.0,45.2,6.0,46.8,24.2,40.04432804523053,45.02164502164502,73.09417040358744,53.2,62.30529595015576,52.755856942451956,1,Moderate-High,-0.3347137152455096,Middle 20%
02364,13782,115863.0,48.7,2.2,30.7,22.0,41.76436237513382,48.80952380952381,90.13452914798206,69.3,65.73208722741433,61.103586098502255,1,Moderate-High,0.42264504758674676,High 20%
02367,2934,119750.0,35.6,5.2,34.0,22.2,43.48395430937613,34.63203463203463,76.68161434977578,66.0,65.42056074766354,54.607376180074205,1,Moderate-High,-0.1667321848254228,High 20%
02368,34736,103321.0,34.9,7.9,50.1,17.5,36.21583599508056,33.87445887445887,64.57399103139014,49.9,72.74143302180686,47.691515225843574,3,Needs Improvement,-0.7941828122118845,Middle 20%
02370,17709,101475.0,34.3,3.9,51.6,15.2,35.39917360490528,33.225108225108215,82.51121076233184,48.4,76.32398753894081,50.97071136386382,1,Moderate-High,-0.4966734077081092,Middle 20%
02375,11205,117717.0,49.6,5.1,65.5,18.3,42.58456393059697,49.78354978354978,77.13004484304933,34.5,71.49532710280374,52.56757010742693,1,Moderate-High,-0.35179628725598255,High 20%
02379,7682,124483.0,42.6,4.6,40.5,19.2,45.577812972810364,42.2077922077922,79.37219730941705,59.5,70.09345794392523,56.73018655142658,1,Moderate-High,0.0258625923313875,High 20%
02382,15215,107794.0,29.2,4.6,48.0,14.6,38.194671786659114,27.7056277056277,79.37219730941705,52.0,77.25856697819314,50.47537103277443,1,Moderate-High,-0.5416138140535733,Middle 20%
02420,16287,233068.0,85.3,3.8,37.6,19.2,93.61534582068819,88.41991341991343,82.95964125560538,62.4,70.09345794392523,81.59008885566399,0,High Performing,2.281310092041159,Highest 20%
02421,17798,212843.0,84.7,2.2,46.7,22.7,84.6678935772998,87.77056277056278,90.13452914798206,53.29999999999999,64.64174454828661,78.26069437139071,0,High Performing,1.979246376214661,Highest 20%
02445,22568,145878.0,85.7,3.6,30.8,14.7,55.042868139549284,88.85281385281387,83.85650224215246,69.2,77.10280373831775,74.29550132035307,0,High Performing,1.6194989949345255,Highest 20%
02446,31109,127519.0,84.5,3.9,37.8,15.0,46.920926199555836,87.55411255411255,82.51121076233184,62.2,76.63551401869158,70.22455324275262,0,High Performing,1.2501568490682815,High 20%
02451,18153,119509.0,54.7,3.9,39.4,17.5,43.377336955079144,55.3030303030303,82.51121076233184,60.6,72.74143302180686,60.56647726917443,1,Moderate-High,0.37391513902338924,High 20%
02452,16173,112902.0,54.3,2.8,41.0,15.7,40.4544288229621,54.87012987012986,87.4439461883408,59.0,75.54517133956385,60.67444604489754,1,Moderate-High,0.38371074892849805,Middle 20%
02453,30314,114029.0,58.5,3.7,31.4,13.9,40.95300873289035,59.41558441558441,83.40807174887892,68.6,78.34890965732087,63.32865360262656,1,Moderate-High,0.624517238291503,Middle 20%
02458,13308,151782.0,76.1,4.0,28.9,16.0,57.65477212199502,78.46320346320346,82.0627802690583,71.1,75.0778816199377,72.16983811210505,0,High Performing,1.4266453903790952,Highest 20%
02459,18604,214941.0,84.3,3.4,33.4,22.7,85.59603967404288,87.33766233766234,84.75336322869957,66.6,64.64174454828661,79.9682726034949,0,High Performing,2.1341686686285675,Highest 20%
02460,10033,154329.0,77.8,2.5,31.4,21.1,58.781553870519645,80.3030303030303,88.78923766816143,68.6,67.13395638629284,72.96238921564905,0,High Performing,1.498550636948622,Highest 20%
02461,6717,207292.0,88.0,2.7,47.8,16.5,82.21215526318117,91.34199134199135,87.89237668161435,52.2,74.29906542056075,78.83691852967208,0,High Performing,2.0315250747052236,Highest 20%
02462,1459,210682.0,67.7,1.2,66.4,26.0,83.71187655391475,69.37229437229438,94.61883408071749,33.599999999999994,59.50155763239876,69.86496531093566,0,High Performing,1.2175327586025628,Highest 20%
02464,3730,125846.0,71.8,3.4,36.4,15.2,46.180798258730675,73.8095238095238,84.75336322869957,63.6,76.32398753894081,67.30065191669762,0,High Performing,0.9848820360564556,High 20%
02465,11297,174518.0,78.2,3.3,32.3,18.6,67.71307987011264,80.73593073593074,85.20179372197309,67.7,71.02803738317756,74.79541513422323,0,High Performing,1.6648543365511195,Highest 20%
02466,8553,170852.0,77.8,2.9,36.4,16.5,66.09125737694764,80.3030303030303,86.99551569506727,63.6,74.29906542056075,74.14758160106402,0,High Performing,1.6060787828618743,Highest 20%
02467,22325,173854.0,83.0,3.3,43.8,16.7,67.41932915121969,85.93073593073593,85.20179372197309,56.2,73.98753894080996,74.01662890896453,0,High Performing,1.5941979267602917,Highest 20%
02472,35317,123383.0,67.1,5.5,35.6,17.9,45.09117774572867,68.72294372294371,75.33632286995515,64.4,72.11838006230529,63.612632947389656,0,High Performing,0.6502816397471745,High 20%
02474,28283,139199.0,73.8,3.6,24.1,14.7,52.088107519841444,75.97402597402598,83.85650224215246,75.9,77.10280373831775,71.67711419572912,0,High Performing,1.3819423617172373,High 20%
02476,17732,145150.0,75.5,2.5,29.1,20.3,54.720804098353405,77.81385281385282,88.78923766816143,70.9,68.38006230529595,71.90951799221345,0,High Performing,1.4030275033758313,Highest 20%
02478,26966,177790.0,80.1,4.5,31.1,18.2,69.16059847285018,82.79220779220779,79.82062780269058,68.9,71.65109034267913,74.89743616107052,0,High Performing,1.674110329076935,Highest 20%
02482,10758,240069.0,83.5,4.0,30.0,21.9,96.71255784323267,86.47186147186147,82.0627802690583,70.0,65.88785046728972,82.79744592931416,0,High Performing,2.3908491585948126,Highest 20%
02492,21481,222063.0,84.1,6.2,46.5,17.5,88.74678157156634,87.12121212121211,72.19730941704037,53.5,72.74143302180686,76.38060360878337,0,High Performing,1.8086726564206228,Highest 20%
02494,10578,173750.0,74.6,1.3,55.6,17.6,67.37332000247741,76.83982683982683,94.17040358744394,44.4,72.58566978193146,71.025934406258,0,High Performing,1.3228632145005639,Highest 20%
02532,13180,89411.0,42.5,3.6,49.6,31.6,30.06211235080206,42.099567099567096,83.85650224215246,50.4,50.77881619937694,49.96960193096047,2,Moderate-Low,-0.5875003844091742,Low 20%
02534,1284,171169.0,70.0,0.0,100.0,27.7,66.23149680147937,71.86147186147186,100.0,0.0,56.85358255451713,60.208600421189516,2,Moderate-Low,0.3414462889002735,Highest 20%
02535,2393,144833.0,65.6,10.0,34.8,31.5,54.58056467382168,67.0995670995671,55.15695067264574,65.2,50.93457943925234,59.58488102180158,2,Moderate-Low,0.2848585218747282,Highest 20%
02536,21100,95295.0,45.4,5.6,52.7,28.6,32.66516842002814,45.238095238095234,74.88789237668162,47.3,55.45171339563863,49.45856572943103,2,Moderate-Low,-0.633864819349222,Low 20%
02537,6486,131150.0,51.6,2.1,38.3,25.8,48.527264844586405,51.94805194805194,90.5829596412556,61.7,59.81308411214954,61.55672953762567,1,Moderate-High,0.4637570851270788,High 20%
02538,4556,110882.0,22.4,3.0,62.1,17.8,39.56078958777572,20.346320346320343,86.54708520179372,37.9,72.27414330218069,47.09360885410083,1,Moderate-High,-0.8484286581811927,Middle 20%
02539,5212,89710.0,44.9,8.8,17.7,23.8,30.19438865343609,44.69696969696969,60.53811659192825,82.3,62.92834890965733,53.583297796952834,3,Needs Improvement,-0.25964304989846126,Low 20%
02540,8354,88266.0,58.7,5.1,48.6,43.2,29.555569318976122,59.632034632034625,77.13004484304933,51.4,32.71028037383177,51.27393799374573,2,Moderate-Low,-0.4691627708663866,Low 20%
02542,854,55000.0,36.4,5.4,50.5,0.0,14.838835260703764,35.497835497835496,75.7847533632287,49.5,100.0,47.64111836228056,3,Needs Improvement,-0.7987551342799822,Lowest 20%
02543,810,73611.0,86.3,4.7,0.0,64.2,23.072260907265022,89.5021645021645,78.9237668161435,100.0,0.0,63.92835971558608,2,Moderate-Low,0.6789263681618432,Lowest 20%
02554,14033,125524.0,58.6,5.2,37.2,15.0,46.038346855894034,59.523809523809526,76.68161434977578,62.8,76.63551401869158,61.95041336675021,1,Moderate-High,0.4994745709485643,High 20%
02556,2586,133929.0,68.9,6.7,17.3,30.5,49.756682386459154,70.67099567099568,69.95515695067265,82.7,52.49221183800623,65.88717208829887,0,High Performing,0.8566422100974955,High 20%
02557,1849,95287.0,41.9,22.3,47.6,33.4,32.66162925474027,41.450216450216445,0.0,52.400000000000006,47.975077881619946,33.80546921440118,3,Needs Improvement,-2.054012693040667,Low 20%
02558,1658,58594.0,16.2,16.3,39.0,28.3,16.428805266277948,13.636363636363635,26.905829596412556,61.0,55.91900311526481,30.689358456469385,3,Needs Improvement,-2.3367259608477577,Lowest 20%
02559,2812,88698.0,46.0,0.8,78.6,41.6,29.74668424452093,45.887445887445885,96.41255605381166,21.400000000000006,35.202492211838006,45.99129296493784,2,Moderate-Low,-0.9484377244147006,Low 20%
02562,3698,141324.0,48.2,4.2,37.2,19.7,53.02819829943108,48.268398268398265,81.16591928251121,62.8,69.31464174454828,61.04879717291441,1,Moderate-High,0.4176742498854291,Highest 20%
02563,10315,117558.0,51.6,4.2,40.9,31.0,42.514223020500616,51.94805194805194,81.16591928251121,59.099999999999994,51.71339563862929,56.84009216250331,2,Moderate-Low,0.03583392418432244,High 20%
02568,8829,93615.0,45.5,4.7,43.2,21.9,31.921943709576095,45.34632034632034,78.9237668161435,56.8,65.88785046728972,53.05060442393178,1,Moderate-High,-0.3079723603514436,Low 20%
02571,10538,87302.0,31.8,5.3,26.1,31.8,29.129099901788162,30.519480519480517,76.23318385650224,73.9,50.46728971962617,49.98551084858023,1,Moderate-High,-0.5860570268275773,Low 20%
02575,2417,181304.0,58.3,0.0,29.3,34.2,70.7151768255457,59.19913419913419,100.0,70.7,46.728971962616825,71.29147495243166,0,High Performing,1.3469547315793275,Highest 20%
02576,4498,61735.0,18.7,6.5,56.6,25.4,17.81837003742667,16.341991341991342,70.85201793721974,43.4,60.436137071651096,37.43410763946356,3,Needs Improvement,-1.7247996751052446,Lowest 20%
02601,16066,62989.0,27.7,3.6,60.9,20.2,18.373134196299805,26.08225108225108,83.85650224215246,39.1,68.53582554517133,42.55872932258534,3,Needs Improvement,-1.2598615984907857,Lowest 20%
02630,2539,137875.0,64.4,0.0,20.0,22.1,51.502375664699485,65.80086580086581,100.0,80.0,65.57632398753894,71.88344276514522,0,High Performing,1.4006617939303283,High 20%
02631,10189,93427.0,52.3,8.4,39.3,37.2,31.838773325311227,52.7056277056277,62.33183856502242,60.699999999999996,42.05607476635514,49.948075447374734,2,Moderate-Low,-0.5894534030890876,Low 20%
02632,12217,121295.0,46.3,3.9,19.9,28.7,44.16745560559542,46.212121212121204,82.51121076233184,80.1,55.295950155763244,60.646731372471855,1,Moderate-High,0.3811962986357011,High 20%
02633,4536,94036.0,64.5,5.3,57.5,49.5,32.10819228285009,65.9090909090909,76.23318385650224,42.5,22.897196261682247,50.540677195453924,2,Moderate-Low,-0.5356888261140194,Low 20%
02635,3673,118295.0,52.5,5.6,33.1,32.4,42.84026862264535,52.92207792207792,74.88789237668162,66.9,49.532710280373834,57.25143613955453,2,Moderate-Low,0.07315365027201115,High 20%
02638,3256,117619.0,39.9,1.5,8.8,37.8,42.541209155820596,39.28571428571428,93.27354260089686,91.2,41.12149532710281,61.46358891327338,1,Moderate-High,0.4553067788569298,High 20%
02639,3387,64051.0,39.1,6.4,37.2,28.5,18.842958388264126,38.419913419913414,71.30044843049326,62.8,55.60747663551402,46.69655530169444,3,Needs Improvement,-0.8844518666019769,Lowest 20%
02642,5772,72683.0,51.6,8.4,79.8,40.5,22.661717733872464,51.94805194805194,62.33183856502242,20.200000000000003,36.91588785046729,38.85039891853232,2,Moderate-Low,-1.596304776567695,Lowest 20%
02644,3618,105000.0,39.1,2.7,46.4,13.5,36.95861830987162,38.419913419913414,87.89237668161435,53.6,78.97196261682244,55.04030453045137,1,Moderate-High,-0.12745418793461355,Middle 20%
02645,11060,89898.0,42.8,4.8,44.4,33.4,30.277559037700957,42.424242424242415,78.47533632286995,55.60000000000001,47.975077881619946,49.788025418221835,2,Moderate-Low,-0.6039741535596094,Low 20%
02646,1715,74276.0,64.6,4.2,38.5,48.6,23.366454021818956,66.017316017316,81.16591928251121,61.5,24.299065420560748,53.30903290834206,2,Moderate-Low,-0.2845260944778403,Lowest 20%
02648,7592,131125.0,39.7,2.8,47.6,21.0,48.51620495306182,39.06926406926407,87.4439461883408,52.400000000000006,67.28971962616822,56.59412845586647,1,Moderate-High,0.013518541751831722,High 20%
02649,15234,95852.0,44.2,5.1,55.0,32.0,32.91158280319586,43.93939393939394,77.13004484304933,45.0,50.1557632398754,48.654329478244854,2,Moderate-Low,-0.7068302163855826,Low 20%
02650,1017,65982.0,57.7,4.1,40.6,60.2,19.69722440962299,58.549783549783555,81.61434977578477,59.4,6.230529595015576,48.38767490451015,2,Moderate-Low,-0.7310228050874941,Lowest 20%
02653,6342,98798.0,59.0,3.1,43.3,46.9,34.214880420452836,59.95670995670995,86.09865470852017,56.7,26.94704049844237,54.79733258583897,2,Moderate-Low,-0.14949813880252377,Middle 20%
02655,3535,100927.0,58.1,1.6,28.4,39.8,35.1567407826864,58.98268398268398,92.82511210762331,71.6,38.00623052959502,60.22050166582676,2,Moderate-Low,0.3425260450526511,Middle 20%
02657,3681,104500.0,61.5,9.0,49.9,25.8,36.73742047937994,62.662337662337656,59.64125560538117,50.1,59.81308411214954,52.77949906772059,2,Moderate-Low,-0.3325687521771759,Middle 20%
02659,1090,87368.0,62.2,4.7,0.0,29.2,29.158298015413063,63.41991341991342,78.9237668161435,100.0,54.51713395638629,64.38101961769895,1,Moderate-High,0.7199945361676894,Low 20%
02660,6767,91449.0,40.5,4.3,28.7,37.7,30.963714707886147,39.93506493506493,80.71748878923766,71.3,41.27725856697819,52.25591852528312,2,Moderate-Low,-0.3800712890288993,Low 20%
02664,9720,78796.0,37.7,9.6,57.5,36.0,25.36608240946373,36.9047619047619,56.95067264573991,42.5,43.925233644859816,39.85036897219037,2,Moderate-Low,-1.5055811715548444,Low 20%
02666,751,111344.0,74.0,0.0,100.0,58.7,39.765176383150035,76.1904761904762,100.0,0.0,8.566978193146417,49.8456109627212,2,Moderate-Low,-0.5987496289105971,Middle 20%
02667,3925,115469.0,56.2,5.2,19.4,30.3,41.59005848470638,56.926406926406926,76.68161434977578,80.6,52.80373831775702,61.36581305450919,1,Moderate-High,0.4464359348172864,Middle 20%
02668,2514,108042.0,47.4,2.4,50.0,20.7,38.30438591058299,47.402597402597394,89.23766816143498,50.0,67.7570093457944,56.04998039516153,1,Moderate-High,-0.03585001038361532,Middle 20%
02670,1071,89875.0,60.9,2.1,64.1,58.0,30.267383937498344,62.01298701298701,90.5829596412556,35.900000000000006,9.657320872274147,49.33241675309988,2,Moderate-Low,-0.6453098519875259,Low 20%
02671,932,101917.0,55.8,10.0,100.0,50.9,35.59471248705993,56.49350649350649,55.15695067264574,0.0,20.716510903426798,36.125095970013426,2,Moderate-Low,-1.8435614892435481,Middle 20%
02673,8969,73846.0,34.1,4.3,77.5,29.0,23.17622388759611,33.008658008658,80.71748878923766,22.5,54.82866043613708,40.17258427552477,2,Moderate-Low,-1.4763477622123657,Lowest 20%
02675,6919,111555.0,53.4,3.2,31.5,40.1,39.858521867617526,53.89610389610389,85.65022421524664,68.5,37.53894080996885,58.02259536497657,2,Moderate-Low,0.14311809042026524,Middle 20%
02702,4445,145324.0,45.5,5.7,18.2,17.1,54.79778094336451,45.34632034632034,74.43946188340807,81.8,73.36448598130842,63.620366297233666,1,Moderate-High,0.6509832581347528,Highest 20%
02703,46479,93352.0,33.7,4.5,42.2,15.5,31.805593650737475,32.57575757575758,79.82062780269058,57.8,75.85669781931465,51.20513314909335,1,Moderate-High,-0.475405181352959,Low 20%
02713,42,78750.0,69.0,0.0,50.0,45.2,25.34573220905849,70.7792207792208,100.0,50.0,29.595015576323984,56.99073980470222,2,Moderate-Low,0.04950163066910588,Lowest 20%
02715,3778,137500.0,38.3,4.8,21.6,21.5,51.33647729183072,37.55411255411254,78.47533632286995,78.4,66.51090342679127,60.24880506873893,1,Moderate-High,0.3450939086970974,High 20%
02717,4777,143281.0,32.7,6.1,37.9,18.0,53.89396660797551,31.493506493506494,72.6457399103139,62.1,71.96261682242991,55.49227793967627,1,Moderate-High,-0.0864483029035272,Highest 20%
02718,7125,107570.0,27.1,5.8,47.4,14.0,38.09557515859884,25.43290043290043,73.99103139013454,52.6,78.19314641744548,49.01963981764628,3,Needs Improvement,-0.6736869529271164,Middle 20%
02719,15878,92500.0,30.5,4.9,35.4,25.6,31.428672547579655,29.112554112554108,78.0269058295964,64.6,60.12461059190031,49.673148890142755,1,Moderate-High,-0.614396478428808,Low 20%
02720,31063,62907.0,20.9,9.0,38.2,17.1,18.336857752099167,18.722943722943718,59.64125560538117,61.8,73.36448598130842,40.8896500879678,3,Needs Improvement,-1.4112910184645706,Lowest 20%
02721,25922,50666.0,14.9,8.3,40.4,16.9,12.921492466001894,12.229437229437229,62.78026905829596,59.599999999999994,73.67601246105919,38.13138748162489,3,Needs Improvement,-1.66153803966701,Lowest 20%
02723,17111,41789.0,12.6,7.5,41.4,12.9,8.994346183452633,9.74025974025974,66.3677130044843,58.599999999999994,79.90654205607477,37.66784828743243,3,Needs Improvement,-1.7035932458284868,Lowest 20%
02724,18758,49809.0,15.0,6.7,43.6,15.4,12.542359384539155,12.337662337662337,69.95515695067265,56.39999999999999,76.01246105919004,39.09228292660391,3,Needs Improvement,-1.5743595301806306,Lowest 20%
02725,2300,127228.0,36.4,0.7,0.0,17.2,46.79218906220968,35.497835497835496,96.8609865470852,100.0,73.20872274143302,67.26557572357163,1,Moderate-High,0.9816997020666771,High 20%
02726,15946,110427.0,37.0,2.8,42.9,25.9,39.3594995620283,36.14718614718615,87.4439461883408,57.10000000000001,59.65732087227414,53.751192752199195,1,Moderate-High,-0.24441055813763313,Middle 20%
02738,5312,120227.0,45.2,6.4,32.5,23.1,43.6949770396652,45.02164502164502,71.30044843049326,67.5,64.01869158878505,56.34111436030471,1,Moderate-High,-0.009436496536023095,High 20%
02739,6563,117308.0,57.7,2.6,19.4,29.0,42.40362410525478,58.549783549783555,88.34080717488789,80.6,54.82866043613708,64.50937939235088,1,Moderate-High,0.7316401464061757,High 20%
02740,46336,54563.0,18.1,7.2,41.9,16.9,14.645508356854037,15.692640692640694,67.71300448430495,58.099999999999994,73.67601246105919,40.11473940534059,3,Needs Improvement,-1.4815958145269437,Lowest 20%
02743,10476,90683.0,26.5,2.7,48.5,22.2,30.624839631572893,24.78354978354978,87.89237668161435,51.5,65.42056074766354,48.2726287648699,1,Moderate-High,-0.7414605181897951,Low 20%
02744,12549,54841.0,13.4,10.4,34.5,13.6,14.768494350607408,10.606060606060606,53.36322869955157,65.5,78.81619937694704,37.99790441677203,3,Needs Improvement,-1.6736484671816294,Lowest 20%
02745,25013,73154.0,20.4,5.2,35.3,16.7,22.870086090195628,18.181818181818176,76.68161434977578,64.7,73.98753894080996,45.9380528320396,3,Needs Improvement,-0.9532680058518518,Lowest 20%
02746,16791,41023.0,10.3,10.9,53.0,13.0,8.655471107139382,7.251082251082251,51.12107623318386,47.0,79.75077881619937,31.57593146781212,3,Needs Improvement,-2.256290452402405,Lowest 20%
02747,21500,97665.0,33.4,5.4,39.8,15.0,33.713646136558694,32.251082251082245,75.7847533632287,60.199999999999996,76.63551401869158,51.351684171425134,1,Moderate-High,-0.46210914612108306,Middle 20%
02748,11501,105455.0,45.2,1.9,44.8,27.2,37.15990833561904,45.02164502164502,91.4798206278027,55.2,57.63239875389408,55.644592340265966,1,Moderate-High,-0.07262937756039485,Middle 20%
02760,29078,109350.0,45.6,5.7,36.2,16.2,38.88303943514922,45.45454545454545,74.43946188340807,63.800000000000004,74.76635514018692,56.208924113123985,1,Moderate-High,-0.021429631458317604,Middle 20%
02762,9872,95625.0,42.7,8.5,42.3,21.4,32.81115898815264,42.316017316017316,61.88340807174888,57.70000000000001,66.66666666666667,49.36514235705894,3,Needs Improvement,-0.642340778307241,Low 20%
02763,1764,109970.0,69.3,7.0,68.5,22.2,39.1573247449589,71.1038961038961,68.60986547085201,31.5,65.42056074766354,54.12933438115051,2,Moderate-Low,-0.21010315897263154,Middle 20%
02764,4344,140135.0,34.8,6.1,0.0,12.1,52.50218985852187,33.76623376623376,72.6457399103139,100.0,81.15264797507788,64.21151868575947,1,Moderate-High,0.7046163400483821,Highest 20%
02766,19155,127404.0,45.8,3.5,34.3,15.9,46.87005069854275,45.670995670995666,84.30493273542601,65.7,75.23364485981308,60.65961262545111,1,Moderate-High,0.38236496734041436,High 20%
02767,15337,119550.0,40.5,5.5,53.6,19.8,43.39547517717946,39.93506493506493,75.33632286995515,46.4,69.1588785046729,52.095787452519424,1,Moderate-High,-0.3945993922881451,High 20%
02769,12809,126161.0,41.6,3.5,34.4,19.3,46.32015289194044,41.12554112554112,84.30493273542601,65.6,69.93769470404985,58.83617952186057,1,Moderate-High,0.2169315885583787,High 20%
02770,5716,119164.0,41.9,2.9,27.8,20.5,43.224710452039886,41.450216450216445,86.99551569506727,72.2,68.06853582554517,59.81468844713205,1,Moderate-High,0.3057081043281557,High 20%
02771,15573,116310.0,43.3,6.0,31.3,17.4,41.962113235593385,42.96536796536795,73.09417040358744,68.7,72.89719626168225,56.88042400712605,1,Moderate-High,0.03949308410376992,High 20%
02777,17231,116627.0,34.2,4.7,39.6,21.9,42.102352660125106,33.116883116883116,78.9237668161435,60.4,65.88785046728972,53.258347354209725,1,Moderate-High,-0.28912460837946957,High 20%
02780,52530,75054.0,23.9,5.6,42.3,14.8,23.710637846064007,21.969696969696965,74.88789237668162,57.70000000000001,76.94704049844238,45.63236622912081,3,Needs Improvement,-0.9810018269992679,Lowest 20%
02790,16725,100617.0,29.9,2.8,40.9,25.1,35.01959812778156,28.463203463203456,87.4439461883408,59.099999999999994,60.90342679127726,51.26983231454214,1,Moderate-High,-0.4695352640395705,Middle 20%
02791,316,104712.0,89.3,0.0,0.0,27.5,36.83120835950841,92.74891774891775,100.0,100.0,57.165109034267914,78.11154243053333,0,High Performing,1.965714369211307,Middle 20%
02861,27928,83044.0,20.3,5.5,32.7,15.3,27.245379177321027,18.073593073593074,75.33632286995515,67.3,76.16822429906543,47.4738300666261,3,Needs Improvement,-0.8139325860473708,Low 20%
